0 verbose cli /opt/homebrew/Cellar/node/25.9.0_2/bin/node /opt/homebrew/bin/npm
1 info using npm@11.12.1
2 info using node@v25.9.0
3 silly config load:file:/opt/homebrew/lib/node_modules/npm/npmrc
4 silly config load:file:/Users/marcotiongson/Documents/openclaw-habitat/openclaw-habitat/.npmrc
5 silly config load:file:/Users/marcotiongson/.npmrc
6 silly config load:file:/opt/homebrew/etc/npmrc
7 verbose title npm install
8 verbose argv "install" "--cache" "./.npm-cache"
9 verbose logfile logs-max:10 dir:/Users/marcotiongson/Documents/openclaw-habitat/openclaw-habitat/.npm-cache/_logs/2026-04-19T16_10_51_665Z-
10 verbose logfile /Users/marcotiongson/Documents/openclaw-habitat/openclaw-habitat/.npm-cache/_logs/2026-04-19T16_10_51_665Z-debug-0.log
11 silly logfile done cleaning log files
12 silly packumentCache heap:2348810240 maxSize:587202560 maxEntrySize:293601280
13 silly idealTree buildDeps
14 silly placeDep ROOT @habitat/client@1.0.0 OK for: openclaw-habitat@1.0.0 want: file:/Users/marcotiongson/Documents/openclaw-habitat/openclaw-habitat/packages/client
15 silly fetch manifest react@^19.0.0
16 silly packumentCache full:https://registry.npmjs.org/react cache-miss
17 http fetch GET 200 https://registry.npmjs.org/react 528ms (cache miss)
18 silly packumentCache full:https://registry.npmjs.org/react set size:undefined disposed:false
19 silly fetch manifest react-dom@^19.0.0
20 silly packumentCache full:https://registry.npmjs.org/react-dom cache-miss
21 http fetch GET 200 https://registry.npmjs.org/react-dom 168ms (cache miss)
22 silly packumentCache full:https://registry.npmjs.org/react-dom set size:undefined disposed:false
23 silly fetch manifest @types/react@^19.0.0
24 silly packumentCache full:https://registry.npmjs.org/@types%2freact cache-miss
25 http fetch GET 200 https://registry.npmjs.org/@types%2freact 108ms (cache miss)
26 silly packumentCache full:https://registry.npmjs.org/@types%2freact set size:undefined disposed:false
27 silly fetch manifest @types/react-dom@^19.0.0
28 silly packumentCache full:https://registry.npmjs.org/@types%2freact-dom cache-miss
29 http fetch GET 200 https://registry.npmjs.org/@types%2freact-dom 88ms (cache miss)
30 silly packumentCache full:https://registry.npmjs.org/@types%2freact-dom set size:undefined disposed:false
31 silly fetch manifest @vitejs/plugin-react@^4.3.4
32 silly packumentCache full:https://registry.npmjs.org/@vitejs%2fplugin-react cache-miss
33 http fetch GET 200 https://registry.npmjs.org/@vitejs%2fplugin-react 80ms (cache miss)
34 silly packumentCache full:https://registry.npmjs.org/@vitejs%2fplugin-react set size:undefined disposed:false
35 silly fetch manifest vite@^6.0.0
36 silly packumentCache full:https://registry.npmjs.org/vite cache-miss
37 http fetch GET 200 https://registry.npmjs.org/vite 823ms (cache miss)
38 silly packumentCache full:https://registry.npmjs.org/vite set size:undefined disposed:false
39 silly fetch manifest @types/node@^18.0.0 || ^20.0.0 || >=22.0.0
40 silly packumentCache full:https://registry.npmjs.org/@types%2fnode cache-miss
41 http fetch GET 200 https://registry.npmjs.org/@types%2fnode 96ms (cache revalidated)
42 silly packumentCache full:https://registry.npmjs.org/@types%2fnode set size:10972342 disposed:false
43 silly fetch manifest jiti@>=1.21.0
44 silly packumentCache full:https://registry.npmjs.org/jiti cache-miss
45 http fetch GET 200 https://registry.npmjs.org/jiti 100ms (cache miss)
46 silly packumentCache full:https://registry.npmjs.org/jiti set size:undefined disposed:false
47 silly fetch manifest less@*
48 silly packumentCache full:https://registry.npmjs.org/less cache-miss
49 http fetch GET 200 https://registry.npmjs.org/less 88ms (cache miss)
50 silly packumentCache full:https://registry.npmjs.org/less set size:undefined disposed:false
51 silly fetch manifest lightningcss@^1.21.0
52 silly packumentCache full:https://registry.npmjs.org/lightningcss cache-miss
53 http fetch GET 200 https://registry.npmjs.org/lightningcss 71ms (cache miss)
54 silly packumentCache full:https://registry.npmjs.org/lightningcss set size:undefined disposed:false
55 silly fetch manifest sass@*
56 silly packumentCache full:https://registry.npmjs.org/sass cache-miss
57 http fetch GET 200 https://registry.npmjs.org/sass 92ms (cache miss)
58 silly packumentCache full:https://registry.npmjs.org/sass set size:undefined disposed:false
59 silly fetch manifest sass-embedded@*
60 silly packumentCache full:https://registry.npmjs.org/sass-embedded cache-miss
61 http fetch GET 200 https://registry.npmjs.org/sass-embedded 75ms (cache miss)
62 silly packumentCache full:https://registry.npmjs.org/sass-embedded set size:undefined disposed:false
63 silly fetch manifest stylus@*
64 silly packumentCache full:https://registry.npmjs.org/stylus cache-miss
65 http fetch GET 200 https://registry.npmjs.org/stylus 83ms (cache miss)
66 silly packumentCache full:https://registry.npmjs.org/stylus set size:undefined disposed:false
67 silly fetch manifest sugarss@*
68 silly packumentCache full:https://registry.npmjs.org/sugarss cache-miss
69 http fetch GET 200 https://registry.npmjs.org/sugarss 73ms (cache miss)
70 silly packumentCache full:https://registry.npmjs.org/sugarss set size:undefined disposed:false
71 silly fetch manifest postcss@^8.3.3
72 silly packumentCache full:https://registry.npmjs.org/postcss cache-miss
73 http fetch GET 200 https://registry.npmjs.org/postcss 115ms (cache miss)
74 silly packumentCache full:https://registry.npmjs.org/postcss set size:undefined disposed:false
75 silly fetch manifest terser@^5.16.0
76 silly packumentCache full:https://registry.npmjs.org/terser cache-miss
77 http fetch GET 200 https://registry.npmjs.org/terser 79ms (cache miss)
78 silly packumentCache full:https://registry.npmjs.org/terser set size:undefined disposed:false
79 silly fetch manifest tsx@^4.8.1
80 silly packumentCache full:https://registry.npmjs.org/tsx cache-miss
81 http fetch GET 200 https://registry.npmjs.org/tsx 74ms (cache revalidated)
82 silly packumentCache full:https://registry.npmjs.org/tsx set size:289592 disposed:false
83 silly fetch manifest yaml@^2.4.2
84 silly packumentCache full:https://registry.npmjs.org/yaml cache-miss
85 http fetch GET 200 https://registry.npmjs.org/yaml 91ms (cache miss)
86 silly packumentCache full:https://registry.npmjs.org/yaml set size:undefined disposed:false
87 silly placeDep ROOT @types/react@19.2.14 OK for: @habitat/client@1.0.0 want: ^19.0.0
88 silly placeDep ROOT @types/react-dom@19.2.3 OK for: @habitat/client@1.0.0 want: ^19.0.0
89 silly placeDep ROOT @vitejs/plugin-react@4.7.0 OK for: @habitat/client@1.0.0 want: ^4.3.4
90 silly placeDep ROOT vite@6.4.2 OK for: @vitejs/plugin-react@4.7.0 want: ^4.2.0 || ^5.0.0 || ^6.0.0 || ^7.0.0
91 silly placeDep ROOT react@19.2.5 OK for: @habitat/client@1.0.0 want: ^19.0.0
92 silly placeDep ROOT react-dom@19.2.5 OK for: @habitat/client@1.0.0 want: ^19.0.0
93 silly fetch manifest csstype@^3.2.2
94 silly packumentCache full:https://registry.npmjs.org/csstype cache-miss
95 silly fetch manifest @babel/core@^7.28.0
96 silly packumentCache full:https://registry.npmjs.org/@babel%2fcore cache-miss
97 silly fetch manifest react-refresh@^0.17.0
98 silly packumentCache full:https://registry.npmjs.org/react-refresh cache-miss
99 silly fetch manifest @types/babel__core@^7.20.5
100 silly packumentCache full:https://registry.npmjs.org/@types%2fbabel__core cache-miss
101 silly fetch manifest @rolldown/pluginutils@1.0.0-beta.27
102 silly packumentCache full:https://registry.npmjs.org/@rolldown%2fpluginutils cache-miss
103 silly fetch manifest @babel/plugin-transform-react-jsx-self@^7.27.1
104 silly packumentCache full:https://registry.npmjs.org/@babel%2fplugin-transform-react-jsx-self cache-miss
105 silly fetch manifest @babel/plugin-transform-react-jsx-source@^7.27.1
106 silly packumentCache full:https://registry.npmjs.org/@babel%2fplugin-transform-react-jsx-source cache-miss
107 http fetch GET 200 https://registry.npmjs.org/csstype 83ms (cache miss)
108 silly packumentCache full:https://registry.npmjs.org/csstype set size:undefined disposed:false
109 silly fetch manifest fdir@^6.4.4
110 silly packumentCache full:https://registry.npmjs.org/fdir cache-miss
111 http fetch GET 200 https://registry.npmjs.org/fdir 77ms (cache miss)
112 silly packumentCache full:https://registry.npmjs.org/fdir set size:undefined disposed:false
113 silly fetch manifest rollup@^4.34.9
114 silly packumentCache full:https://registry.npmjs.org/rollup cache-miss
115 http fetch GET 200 https://registry.npmjs.org/@babel%2fplugin-transform-react-jsx-source 202ms (cache miss)
116 silly packumentCache full:https://registry.npmjs.org/@babel%2fplugin-transform-react-jsx-source set size:undefined disposed:false
117 silly fetch manifest esbuild@^0.25.0
118 silly packumentCache full:https://registry.npmjs.org/esbuild cache-miss
119 http fetch GET 200 https://registry.npmjs.org/@babel%2fplugin-transform-react-jsx-self 229ms (cache miss)
120 silly packumentCache full:https://registry.npmjs.org/@babel%2fplugin-transform-react-jsx-self set size:undefined disposed:false
121 silly fetch manifest postcss@^8.5.3
122 silly packumentCache full:https://registry.npmjs.org/postcss cache-miss
123 http cache https://registry.npmjs.org/postcss 6ms (cache hit)
124 silly packumentCache full:https://registry.npmjs.org/postcss set size:708244 disposed:false
125 silly fetch manifest picomatch@^4.0.2
126 silly packumentCache full:https://registry.npmjs.org/picomatch cache-miss
127 http fetch GET 200 https://registry.npmjs.org/@babel%2fcore 253ms (cache miss)
128 silly packumentCache full:https://registry.npmjs.org/@babel%2fcore set size:undefined disposed:false
129 silly fetch manifest tinyglobby@^0.2.13
130 silly packumentCache full:https://registry.npmjs.org/tinyglobby cache-miss
131 http fetch GET 200 https://registry.npmjs.org/@types%2fbabel__core 259ms (cache miss)
132 silly packumentCache full:https://registry.npmjs.org/@types%2fbabel__core set size:undefined disposed:false
133 silly fetch manifest scheduler@^0.27.0
134 silly packumentCache full:https://registry.npmjs.org/scheduler cache-miss
135 http fetch GET 200 https://registry.npmjs.org/@rolldown%2fpluginutils 262ms (cache miss)
136 silly packumentCache full:https://registry.npmjs.org/@rolldown%2fpluginutils set size:undefined disposed:false
137 http fetch GET 200 https://registry.npmjs.org/esbuild 71ms (cache revalidated)
138 silly packumentCache full:https://registry.npmjs.org/esbuild set size:1254708 disposed:false
139 http fetch GET 200 https://registry.npmjs.org/rollup 160ms (cache miss)
140 silly packumentCache full:https://registry.npmjs.org/rollup set size:undefined disposed:false
141 http fetch GET 200 https://registry.npmjs.org/tinyglobby 168ms (cache miss)
142 silly packumentCache full:https://registry.npmjs.org/tinyglobby set size:undefined disposed:false
143 http fetch GET 200 https://registry.npmjs.org/picomatch 185ms (cache miss)
144 silly packumentCache full:https://registry.npmjs.org/picomatch set size:undefined disposed:false
145 http fetch GET 200 https://registry.npmjs.org/react-refresh 506ms (cache miss)
146 silly packumentCache full:https://registry.npmjs.org/react-refresh set size:undefined disposed:false
147 http fetch GET 200 https://registry.npmjs.org/scheduler 323ms (cache miss)
148 silly packumentCache full:https://registry.npmjs.org/scheduler set size:undefined disposed:false
149 silly placeDep ROOT csstype@3.2.3 OK for: @types/react@19.2.14 want: ^3.2.2
150 silly placeDep ROOT @babel/core@7.29.0 OK for: @vitejs/plugin-react@4.7.0 want: ^7.28.0
151 silly placeDep ROOT @babel/plugin-transform-react-jsx-self@7.27.1 OK for: @vitejs/plugin-react@4.7.0 want: ^7.27.1
152 silly placeDep ROOT @babel/plugin-transform-react-jsx-source@7.27.1 OK for: @vitejs/plugin-react@4.7.0 want: ^7.27.1
153 silly placeDep ROOT @rolldown/pluginutils@1.0.0-beta.27 OK for: @vitejs/plugin-react@4.7.0 want: 1.0.0-beta.27
154 silly placeDep ROOT @types/babel__core@7.20.5 OK for: @vitejs/plugin-react@4.7.0 want: ^7.20.5
155 silly placeDep ROOT react-refresh@0.17.0 OK for: @vitejs/plugin-react@4.7.0 want: ^0.17.0
156 silly fetch manifest debug@^4.1.0
157 silly packumentCache full:https://registry.npmjs.org/debug cache-miss
158 silly fetch manifest json5@^2.2.3
159 silly packumentCache full:https://registry.npmjs.org/json5 cache-miss
160 silly fetch manifest semver@^6.3.1
161 silly packumentCache full:https://registry.npmjs.org/semver cache-miss
162 silly fetch manifest gensync@^1.0.0-beta.2
163 silly packumentCache full:https://registry.npmjs.org/gensync cache-miss
164 silly fetch manifest @babel/types@^7.29.0
165 silly packumentCache full:https://registry.npmjs.org/@babel%2ftypes cache-miss
166 silly fetch manifest @babel/parser@^7.29.0
167 silly packumentCache full:https://registry.npmjs.org/@babel%2fparser cache-miss
168 silly fetch manifest @babel/helpers@^7.28.6
169 silly packumentCache full:https://registry.npmjs.org/@babel%2fhelpers cache-miss
170 http fetch GET 200 https://registry.npmjs.org/debug 58ms (cache revalidated)
171 silly packumentCache full:https://registry.npmjs.org/debug set size:195840 disposed:false
172 silly fetch manifest @babel/template@^7.28.6
173 silly packumentCache full:https://registry.npmjs.org/@babel%2ftemplate cache-miss
174 http fetch GET 200 https://registry.npmjs.org/semver 73ms (cache miss)
175 silly packumentCache full:https://registry.npmjs.org/semver set size:undefined disposed:false
176 silly fetch manifest @babel/traverse@^7.29.0
177 silly packumentCache full:https://registry.npmjs.org/@babel%2ftraverse cache-miss
178 http fetch GET 200 https://registry.npmjs.org/json5 78ms (cache miss)
179 silly packumentCache full:https://registry.npmjs.org/json5 set size:undefined disposed:false
180 silly fetch manifest @babel/generator@^7.29.0
181 silly packumentCache full:https://registry.npmjs.org/@babel%2fgenerator cache-miss
182 http fetch GET 200 https://registry.npmjs.org/gensync 82ms (cache miss)
183 silly packumentCache full:https://registry.npmjs.org/gensync set size:undefined disposed:false
184 silly fetch manifest @babel/code-frame@^7.29.0
185 silly packumentCache full:https://registry.npmjs.org/@babel%2fcode-frame cache-miss
186 http fetch GET 200 https://registry.npmjs.org/@babel%2fhelpers 88ms (cache miss)
187 silly packumentCache full:https://registry.npmjs.org/@babel%2fhelpers set size:undefined disposed:false
188 silly fetch manifest convert-source-map@^2.0.0
189 silly packumentCache full:https://registry.npmjs.org/convert-source-map cache-miss
190 http fetch GET 200 https://registry.npmjs.org/@babel%2ftemplate 80ms (cache miss)
191 silly packumentCache full:https://registry.npmjs.org/@babel%2ftemplate set size:undefined disposed:false
192 silly fetch manifest @jridgewell/remapping@^2.3.5
193 silly packumentCache full:https://registry.npmjs.org/@jridgewell%2fremapping cache-miss
194 http fetch GET 200 https://registry.npmjs.org/@babel%2ftypes 146ms (cache miss)
195 silly packumentCache full:https://registry.npmjs.org/@babel%2ftypes set size:undefined disposed:false
196 silly fetch manifest @babel/helper-module-transforms@^7.28.6
197 silly packumentCache full:https://registry.npmjs.org/@babel%2fhelper-module-transforms cache-miss
198 http fetch GET 200 https://registry.npmjs.org/@babel%2fparser 168ms (cache miss)
199 silly packumentCache full:https://registry.npmjs.org/@babel%2fparser set size:undefined disposed:false
200 silly fetch manifest @babel/helper-compilation-targets@^7.28.6
201 silly packumentCache full:https://registry.npmjs.org/@babel%2fhelper-compilation-targets cache-miss
202 http fetch GET 200 https://registry.npmjs.org/convert-source-map 91ms (cache miss)
203 silly packumentCache full:https://registry.npmjs.org/convert-source-map set size:undefined disposed:false
204 silly fetch manifest @babel/helper-plugin-utils@^7.27.1
205 silly packumentCache full:https://registry.npmjs.org/@babel%2fhelper-plugin-utils cache-miss
206 http fetch GET 200 https://registry.npmjs.org/@babel%2fcode-frame 103ms (cache miss)
207 silly packumentCache full:https://registry.npmjs.org/@babel%2fcode-frame set size:undefined disposed:false
208 silly fetch manifest @babel/helper-plugin-utils@^7.27.1
209 silly packumentCache full:https://registry.npmjs.org/@babel%2fhelper-plugin-utils cache-miss
210 http fetch GET 200 https://registry.npmjs.org/@babel%2ftraverse 116ms (cache miss)
211 silly packumentCache full:https://registry.npmjs.org/@babel%2ftraverse set size:undefined disposed:false
212 silly fetch manifest @babel/types@^7.20.7
213 silly packumentCache full:https://registry.npmjs.org/@babel%2ftypes cache-miss
214 http cache https://registry.npmjs.org/@babel%2ftypes 4ms (cache hit)
215 silly packumentCache full:https://registry.npmjs.org/@babel%2ftypes set size:487885 disposed:false
216 silly fetch manifest @babel/parser@^7.20.7
217 silly packumentCache full:https://registry.npmjs.org/@babel%2fparser cache-miss
218 http cache https://registry.npmjs.org/@babel%2fparser 11ms (cache hit)
219 silly packumentCache full:https://registry.npmjs.org/@babel%2fparser set size:718758 disposed:false
220 silly fetch manifest @types/babel__template@*
221 silly packumentCache full:https://registry.npmjs.org/@types%2fbabel__template cache-miss
222 http fetch GET 200 https://registry.npmjs.org/@jridgewell%2fremapping 88ms (cache miss)
223 silly packumentCache full:https://registry.npmjs.org/@jridgewell%2fremapping set size:undefined disposed:false
224 silly fetch manifest @types/babel__traverse@*
225 silly packumentCache full:https://registry.npmjs.org/@types%2fbabel__traverse cache-miss
226 http fetch GET 200 https://registry.npmjs.org/@babel%2fgenerator 155ms (cache miss)
227 silly packumentCache full:https://registry.npmjs.org/@babel%2fgenerator set size:undefined disposed:false
228 silly fetch manifest @types/babel__generator@*
229 silly packumentCache full:https://registry.npmjs.org/@types%2fbabel__generator cache-miss
230 http fetch GET 200 https://registry.npmjs.org/@babel%2fhelper-module-transforms 91ms (cache miss)
231 silly packumentCache full:https://registry.npmjs.org/@babel%2fhelper-module-transforms set size:undefined disposed:false
232 http fetch GET 200 https://registry.npmjs.org/@babel%2fhelper-plugin-utils 94ms (cache miss)
233 silly packumentCache full:https://registry.npmjs.org/@babel%2fhelper-plugin-utils set size:undefined disposed:false
234 http fetch GET 200 https://registry.npmjs.org/@babel%2fhelper-plugin-utils 101ms (cache miss)
235 silly packumentCache full:https://registry.npmjs.org/@babel%2fhelper-plugin-utils set size:undefined disposed:false
236 http fetch GET 200 https://registry.npmjs.org/@babel%2fhelper-compilation-targets 110ms (cache miss)
237 silly packumentCache full:https://registry.npmjs.org/@babel%2fhelper-compilation-targets set size:undefined disposed:false
238 http fetch GET 200 https://registry.npmjs.org/@types%2fbabel__traverse 66ms (cache miss)
239 silly packumentCache full:https://registry.npmjs.org/@types%2fbabel__traverse set size:undefined disposed:false
240 http fetch GET 200 https://registry.npmjs.org/@types%2fbabel__generator 70ms (cache miss)
241 silly packumentCache full:https://registry.npmjs.org/@types%2fbabel__generator set size:undefined disposed:false
242 http fetch GET 200 https://registry.npmjs.org/@types%2fbabel__template 86ms (cache miss)
243 silly packumentCache full:https://registry.npmjs.org/@types%2fbabel__template set size:undefined disposed:false
244 silly fetch manifest @babel/core@^7.0.0
245 silly packumentCache full:https://registry.npmjs.org/@babel%2fcore cache-miss
246 http cache https://registry.npmjs.org/@babel%2fcore 2ms (cache hit)
247 silly packumentCache full:https://registry.npmjs.org/@babel%2fcore set size:760113 disposed:false
248 silly placeDep ROOT @babel/code-frame@7.29.0 OK for: @babel/core@7.29.0 want: ^7.29.0
249 silly placeDep ROOT @babel/generator@7.29.1 OK for: @babel/core@7.29.0 want: ^7.29.0
250 silly placeDep ROOT @babel/helper-compilation-targets@7.28.6 OK for: @babel/core@7.29.0 want: ^7.28.6
251 silly placeDep ROOT @babel/helper-module-transforms@7.28.6 OK for: @babel/core@7.29.0 want: ^7.28.6
252 silly placeDep ROOT @babel/helpers@7.29.2 OK for: @babel/core@7.29.0 want: ^7.28.6
253 silly placeDep ROOT @babel/parser@7.29.2 OK for: @babel/core@7.29.0 want: ^7.29.0
254 silly placeDep ROOT @babel/template@7.28.6 OK for: @babel/core@7.29.0 want: ^7.28.6
255 silly placeDep ROOT @babel/traverse@7.29.0 OK for: @babel/core@7.29.0 want: ^7.29.0
256 silly placeDep ROOT @babel/types@7.29.0 OK for: @babel/core@7.29.0 want: ^7.29.0
257 silly placeDep ROOT @jridgewell/remapping@2.3.5 OK for: @babel/core@7.29.0 want: ^2.3.5
258 silly placeDep ROOT convert-source-map@2.0.0 OK for: @babel/core@7.29.0 want: ^2.0.0
259 silly placeDep node_modules/@babel/core debug@4.4.3 OK for: @babel/core@7.29.0 want: ^4.1.0
260 silly placeDep ROOT gensync@1.0.0-beta.2 OK for: @babel/core@7.29.0 want: ^1.0.0-beta.2
261 silly placeDep ROOT json5@2.2.3 OK for: @babel/core@7.29.0 want: ^2.2.3
262 silly placeDep ROOT semver@6.3.1 OK for: @babel/core@7.29.0 want: ^6.3.1
263 silly fetch manifest js-tokens@^4.0.0
264 silly packumentCache full:https://registry.npmjs.org/js-tokens cache-miss
265 silly fetch manifest picocolors@^1.1.1
266 silly packumentCache full:https://registry.npmjs.org/picocolors cache-miss
267 silly fetch manifest @babel/helper-validator-identifier@^7.28.5
268 silly packumentCache full:https://registry.npmjs.org/@babel%2fhelper-validator-identifier cache-miss
269 silly fetch manifest jsesc@^3.0.2
270 silly packumentCache full:https://registry.npmjs.org/jsesc cache-miss
271 silly fetch manifest @jridgewell/gen-mapping@^0.3.12
272 silly packumentCache full:https://registry.npmjs.org/@jridgewell%2fgen-mapping cache-miss
273 silly fetch manifest @jridgewell/trace-mapping@^0.3.28
274 silly packumentCache full:https://registry.npmjs.org/@jridgewell%2ftrace-mapping cache-miss
275 silly fetch manifest lru-cache@^5.1.1
276 silly packumentCache full:https://registry.npmjs.org/lru-cache cache-miss
277 http fetch GET 200 https://registry.npmjs.org/picocolors 75ms (cache miss)
278 silly packumentCache full:https://registry.npmjs.org/picocolors set size:undefined disposed:false
279 silly fetch manifest browserslist@^4.24.0
280 silly packumentCache full:https://registry.npmjs.org/browserslist cache-miss
281 http fetch GET 200 https://registry.npmjs.org/jsesc 83ms (cache miss)
282 silly packumentCache full:https://registry.npmjs.org/jsesc set size:undefined disposed:false
283 silly fetch manifest @babel/compat-data@^7.28.6
284 silly packumentCache full:https://registry.npmjs.org/@babel%2fcompat-data cache-miss
285 http fetch GET 200 https://registry.npmjs.org/@jridgewell%2fgen-mapping 88ms (cache miss)
286 silly packumentCache full:https://registry.npmjs.org/@jridgewell%2fgen-mapping set size:undefined disposed:false
287 silly fetch manifest @babel/helper-validator-option@^7.27.1
288 silly packumentCache full:https://registry.npmjs.org/@babel%2fhelper-validator-option cache-miss
289 http fetch GET 200 https://registry.npmjs.org/js-tokens 90ms (cache miss)
290 silly packumentCache full:https://registry.npmjs.org/js-tokens set size:undefined disposed:false
291 silly fetch manifest @babel/traverse@^7.28.6
292 silly packumentCache full:https://registry.npmjs.org/@babel%2ftraverse cache-miss
293 http cache https://registry.npmjs.org/@babel%2ftraverse 3ms (cache hit)
294 silly packumentCache full:https://registry.npmjs.org/@babel%2ftraverse set size:548722 disposed:false
295 silly fetch manifest @babel/helper-module-imports@^7.28.6
296 silly packumentCache full:https://registry.npmjs.org/@babel%2fhelper-module-imports cache-miss
297 http fetch GET 200 https://registry.npmjs.org/@jridgewell%2ftrace-mapping 97ms (cache miss)
298 silly packumentCache full:https://registry.npmjs.org/@jridgewell%2ftrace-mapping set size:undefined disposed:false
299 silly fetch manifest @babel/helper-validator-identifier@^7.28.5
300 silly packumentCache full:https://registry.npmjs.org/@babel%2fhelper-validator-identifier cache-miss
301 http fetch GET 200 https://registry.npmjs.org/lru-cache 98ms (cache miss)
302 silly packumentCache full:https://registry.npmjs.org/lru-cache set size:undefined disposed:false
303 silly fetch manifest @babel/types@^7.28.6
304 silly packumentCache full:https://registry.npmjs.org/@babel%2ftypes cache-hit
305 silly fetch manifest debug@^4.3.1
306 silly packumentCache full:https://registry.npmjs.org/debug cache-hit
307 silly fetch manifest @babel/helper-globals@^7.28.0
308 silly packumentCache full:https://registry.npmjs.org/@babel%2fhelper-globals cache-miss
309 http fetch GET 200 https://registry.npmjs.org/@babel%2fhelper-validator-identifier 111ms (cache miss)
310 silly packumentCache full:https://registry.npmjs.org/@babel%2fhelper-validator-identifier set size:undefined disposed:false
311 silly fetch manifest @babel/helper-string-parser@^7.27.1
312 silly packumentCache full:https://registry.npmjs.org/@babel%2fhelper-string-parser cache-miss
313 http fetch GET 200 https://registry.npmjs.org/browserslist 81ms (cache miss)
314 silly packumentCache full:https://registry.npmjs.org/browserslist set size:undefined disposed:false
315 silly fetch manifest @jridgewell/gen-mapping@^0.3.5
316 silly packumentCache full:https://registry.npmjs.org/@jridgewell%2fgen-mapping cache-miss
317 http cache https://registry.npmjs.org/@jridgewell%2fgen-mapping 4ms (cache hit)
318 silly packumentCache full:https://registry.npmjs.org/@jridgewell%2fgen-mapping set size:80719 disposed:false
319 silly fetch manifest @jridgewell/trace-mapping@^0.3.24
320 silly packumentCache full:https://registry.npmjs.org/@jridgewell%2ftrace-mapping cache-miss
321 http cache https://registry.npmjs.org/@jridgewell%2ftrace-mapping 7ms (cache hit)
322 silly packumentCache full:https://registry.npmjs.org/@jridgewell%2ftrace-mapping set size:170909 disposed:false
323 silly fetch manifest ms@^2.1.3
324 silly packumentCache full:https://registry.npmjs.org/ms cache-miss
325 http fetch GET 200 https://registry.npmjs.org/@babel%2fhelper-globals 69ms (cache miss)
326 silly packumentCache full:https://registry.npmjs.org/@babel%2fhelper-globals set size:undefined disposed:false
327 http fetch GET 200 https://registry.npmjs.org/@babel%2fhelper-validator-identifier 82ms (cache miss)
328 silly packumentCache full:https://registry.npmjs.org/@babel%2fhelper-validator-identifier set size:undefined disposed:false
329 http fetch GET 200 https://registry.npmjs.org/@babel%2fhelper-validator-option 95ms (cache miss)
330 silly packumentCache full:https://registry.npmjs.org/@babel%2fhelper-validator-option set size:undefined disposed:false
331 http fetch GET 200 https://registry.npmjs.org/@babel%2fhelper-module-imports 92ms (cache miss)
332 silly packumentCache full:https://registry.npmjs.org/@babel%2fhelper-module-imports set size:undefined disposed:false
333 http fetch GET 200 https://registry.npmjs.org/@babel%2fcompat-data 108ms (cache miss)
334 silly packumentCache full:https://registry.npmjs.org/@babel%2fcompat-data set size:undefined disposed:false
335 http fetch GET 200 https://registry.npmjs.org/@babel%2fhelper-string-parser 87ms (cache miss)
336 silly packumentCache full:https://registry.npmjs.org/@babel%2fhelper-string-parser set size:undefined disposed:false
337 http fetch GET 200 https://registry.npmjs.org/ms 75ms (cache revalidated)
338 silly packumentCache full:https://registry.npmjs.org/ms set size:92208 disposed:false
339 silly placeDep ROOT @babel/helper-validator-identifier@7.28.5 OK for: @babel/code-frame@7.29.0 want: ^7.28.5
340 silly placeDep ROOT js-tokens@4.0.0 OK for: @babel/code-frame@7.29.0 want: ^4.0.0
341 silly placeDep ROOT picocolors@1.1.1 OK for: @babel/code-frame@7.29.0 want: ^1.1.1
342 silly placeDep ROOT @jridgewell/gen-mapping@0.3.13 OK for: @babel/generator@7.29.1 want: ^0.3.12
343 silly placeDep ROOT @jridgewell/trace-mapping@0.3.31 OK for: @babel/generator@7.29.1 want: ^0.3.28
344 silly placeDep ROOT jsesc@3.1.0 OK for: @babel/generator@7.29.1 want: ^3.0.2
345 silly fetch manifest @jridgewell/sourcemap-codec@^1.5.0
346 silly packumentCache full:https://registry.npmjs.org/@jridgewell%2fsourcemap-codec cache-miss
347 silly fetch manifest @jridgewell/resolve-uri@^3.1.0
348 silly packumentCache full:https://registry.npmjs.org/@jridgewell%2fresolve-uri cache-miss
349 silly fetch manifest @jridgewell/sourcemap-codec@^1.4.14
350 silly packumentCache full:https://registry.npmjs.org/@jridgewell%2fsourcemap-codec cache-miss
351 http fetch GET 200 https://registry.npmjs.org/@jridgewell%2fsourcemap-codec 77ms (cache miss)
352 silly packumentCache full:https://registry.npmjs.org/@jridgewell%2fsourcemap-codec set size:undefined disposed:false
353 http fetch GET 200 https://registry.npmjs.org/@jridgewell%2fresolve-uri 79ms (cache miss)
354 silly packumentCache full:https://registry.npmjs.org/@jridgewell%2fresolve-uri set size:undefined disposed:false
355 http fetch GET 200 https://registry.npmjs.org/@jridgewell%2fsourcemap-codec 79ms (cache miss)
356 silly packumentCache full:https://registry.npmjs.org/@jridgewell%2fsourcemap-codec set size:undefined disposed:false
357 silly placeDep ROOT @babel/compat-data@7.29.0 OK for: @babel/helper-compilation-targets@7.28.6 want: ^7.28.6
358 silly placeDep ROOT @babel/helper-validator-option@7.27.1 OK for: @babel/helper-compilation-targets@7.28.6 want: ^7.27.1
359 silly placeDep ROOT browserslist@4.28.2 OK for: @babel/helper-compilation-targets@7.28.6 want: ^4.24.0
360 silly placeDep ROOT lru-cache@5.1.1 OK for: @babel/helper-compilation-targets@7.28.6 want: ^5.1.1
361 silly fetch manifest baseline-browser-mapping@^2.10.12
362 silly packumentCache full:https://registry.npmjs.org/baseline-browser-mapping cache-miss
363 silly fetch manifest caniuse-lite@^1.0.30001782
364 silly packumentCache full:https://registry.npmjs.org/caniuse-lite cache-miss
365 silly fetch manifest electron-to-chromium@^1.5.328
366 silly packumentCache full:https://registry.npmjs.org/electron-to-chromium cache-miss
367 silly fetch manifest node-releases@^2.0.36
368 silly packumentCache full:https://registry.npmjs.org/node-releases cache-miss
369 silly fetch manifest update-browserslist-db@^1.2.3
370 silly packumentCache full:https://registry.npmjs.org/update-browserslist-db cache-miss
371 silly fetch manifest yallist@^3.0.2
372 silly packumentCache full:https://registry.npmjs.org/yallist cache-miss
373 http fetch GET 200 https://registry.npmjs.org/yallist 69ms (cache miss)
374 silly packumentCache full:https://registry.npmjs.org/yallist set size:undefined disposed:false
375 http fetch GET 200 https://registry.npmjs.org/update-browserslist-db 73ms (cache miss)
376 silly packumentCache full:https://registry.npmjs.org/update-browserslist-db set size:undefined disposed:false
377 http fetch GET 200 https://registry.npmjs.org/baseline-browser-mapping 119ms (cache miss)
378 silly packumentCache full:https://registry.npmjs.org/baseline-browser-mapping set size:undefined disposed:false
379 http fetch GET 200 https://registry.npmjs.org/node-releases 122ms (cache miss)
380 silly packumentCache full:https://registry.npmjs.org/node-releases set size:undefined disposed:false
381 http fetch GET 200 https://registry.npmjs.org/caniuse-lite 141ms (cache miss)
382 silly packumentCache full:https://registry.npmjs.org/caniuse-lite set size:undefined disposed:false
383 http fetch GET 200 https://registry.npmjs.org/electron-to-chromium 210ms (cache miss)
384 silly packumentCache full:https://registry.npmjs.org/electron-to-chromium set size:undefined disposed:false
385 silly placeDep ROOT @babel/helper-module-imports@7.28.6 OK for: @babel/helper-module-transforms@7.28.6 want: ^7.28.6
386 silly placeDep ROOT @babel/helper-plugin-utils@7.28.6 OK for: @babel/plugin-transform-react-jsx-self@7.27.1 want: ^7.27.1
387 silly placeDep ROOT @babel/helper-globals@7.28.0 OK for: @babel/traverse@7.29.0 want: ^7.28.0
388 silly placeDep node_modules/@babel/traverse debug@4.4.3 OK for: @babel/traverse@7.29.0 want: ^4.3.1
389 silly placeDep ROOT @babel/helper-string-parser@7.27.1 OK for: @babel/types@7.29.0 want: ^7.27.1
390 silly placeDep ROOT @jridgewell/sourcemap-codec@1.5.5 OK for: @jridgewell/gen-mapping@0.3.13 want: ^1.5.0
391 silly placeDep ROOT @jridgewell/resolve-uri@3.1.2 OK for: @jridgewell/trace-mapping@0.3.31 want: ^3.1.0
392 silly placeDep ROOT @types/babel__generator@7.27.0 OK for: @types/babel__core@7.20.5 want: *
393 silly placeDep ROOT @types/babel__template@7.4.4 OK for: @types/babel__core@7.20.5 want: *
394 silly placeDep ROOT @types/babel__traverse@7.28.0 OK for: @types/babel__core@7.20.5 want: *
395 silly fetch manifest browserslist@>= 4.21.0
396 silly packumentCache full:https://registry.npmjs.org/browserslist cache-miss
397 http cache https://registry.npmjs.org/browserslist 12ms (cache hit)
398 silly packumentCache full:https://registry.npmjs.org/browserslist set size:504681 disposed:false
399 silly placeDep ROOT baseline-browser-mapping@2.10.20 OK for: browserslist@4.28.2 want: ^2.10.12
400 silly placeDep ROOT caniuse-lite@1.0.30001788 OK for: browserslist@4.28.2 want: ^1.0.30001782
401 silly placeDep ROOT electron-to-chromium@1.5.340 OK for: browserslist@4.28.2 want: ^1.5.328
402 silly placeDep ROOT node-releases@2.0.37 OK for: browserslist@4.28.2 want: ^2.0.36
403 silly placeDep ROOT update-browserslist-db@1.2.3 OK for: browserslist@4.28.2 want: ^1.2.3
404 silly placeDep ROOT yallist@3.1.1 OK for: lru-cache@5.1.1 want: ^3.0.2
405 silly placeDep ROOT scheduler@0.27.0 OK for: react-dom@19.2.5 want: ^0.27.0
406 silly placeDep node_modules/vite esbuild@0.25.12 OK for: vite@6.4.2 want: ^0.25.0
407 silly placeDep ROOT fdir@6.5.0 OK for: vite@6.4.2 want: ^6.4.4
408 silly placeDep ROOT picomatch@4.0.4 OK for: vite@6.4.2 want: ^4.0.2
409 silly placeDep ROOT postcss@8.5.10 OK for: vite@6.4.2 want: ^8.5.3
410 silly placeDep ROOT rollup@4.60.2 OK for: vite@6.4.2 want: ^4.34.9
411 silly placeDep ROOT tinyglobby@0.2.16 OK for: vite@6.4.2 want: ^0.2.13
412 silly fetch manifest @esbuild/aix-ppc64@0.25.12
413 silly packumentCache full:https://registry.npmjs.org/@esbuild%2faix-ppc64 cache-miss
414 silly fetch manifest @esbuild/linux-arm@0.25.12
415 silly packumentCache full:https://registry.npmjs.org/@esbuild%2flinux-arm cache-miss
416 silly fetch manifest @esbuild/linux-x64@0.25.12
417 silly packumentCache full:https://registry.npmjs.org/@esbuild%2flinux-x64 cache-miss
418 silly fetch manifest @esbuild/sunos-x64@0.25.12
419 silly packumentCache full:https://registry.npmjs.org/@esbuild%2fsunos-x64 cache-miss
420 silly fetch manifest @esbuild/win32-x64@0.25.12
421 silly packumentCache full:https://registry.npmjs.org/@esbuild%2fwin32-x64 cache-miss
422 silly fetch manifest @esbuild/darwin-x64@0.25.12
423 silly packumentCache full:https://registry.npmjs.org/@esbuild%2fdarwin-x64 cache-miss
424 silly fetch manifest @esbuild/linux-ia32@0.25.12
425 silly packumentCache full:https://registry.npmjs.org/@esbuild%2flinux-ia32 cache-miss
426 http fetch GET 200 https://registry.npmjs.org/@esbuild%2faix-ppc64 86ms (cache revalidated)
427 silly packumentCache full:https://registry.npmjs.org/@esbuild%2faix-ppc64 set size:64314 disposed:false
428 silly fetch manifest @esbuild/netbsd-x64@0.25.12
429 silly packumentCache full:https://registry.npmjs.org/@esbuild%2fnetbsd-x64 cache-miss
430 http fetch GET 200 https://registry.npmjs.org/@esbuild%2flinux-ia32 87ms (cache revalidated)
431 silly packumentCache full:https://registry.npmjs.org/@esbuild%2flinux-ia32 set size:196150 disposed:false
432 silly fetch manifest @esbuild/win32-ia32@0.25.12
433 silly packumentCache full:https://registry.npmjs.org/@esbuild%2fwin32-ia32 cache-miss
434 http fetch GET 200 https://registry.npmjs.org/@esbuild%2fsunos-x64 91ms (cache revalidated)
435 silly packumentCache full:https://registry.npmjs.org/@esbuild%2fsunos-x64 set size:195721 disposed:false
436 silly fetch manifest @esbuild/android-arm@0.25.12
437 silly packumentCache full:https://registry.npmjs.org/@esbuild%2fandroid-arm cache-miss
438 http fetch GET 200 https://registry.npmjs.org/@esbuild%2fwin32-x64 98ms (cache revalidated)
439 silly packumentCache full:https://registry.npmjs.org/@esbuild%2fwin32-x64 set size:194073 disposed:false
440 silly fetch manifest @esbuild/android-x64@0.25.12
441 silly packumentCache full:https://registry.npmjs.org/@esbuild%2fandroid-x64 cache-miss
442 http fetch GET 200 https://registry.npmjs.org/@esbuild%2flinux-arm 101ms (cache revalidated)
443 silly packumentCache full:https://registry.npmjs.org/@esbuild%2flinux-arm set size:195140 disposed:false
444 silly fetch manifest @esbuild/freebsd-x64@0.25.12
445 silly packumentCache full:https://registry.npmjs.org/@esbuild%2ffreebsd-x64 cache-miss
446 http fetch GET 200 https://registry.npmjs.org/@esbuild%2flinux-x64 107ms (cache revalidated)
447 silly packumentCache full:https://registry.npmjs.org/@esbuild%2flinux-x64 set size:195479 disposed:false
448 silly fetch manifest @esbuild/linux-arm64@0.25.12
449 silly packumentCache full:https://registry.npmjs.org/@esbuild%2flinux-arm64 cache-miss
450 http fetch GET 200 https://registry.npmjs.org/@esbuild%2fdarwin-x64 121ms (cache revalidated)
451 silly packumentCache full:https://registry.npmjs.org/@esbuild%2fdarwin-x64 set size:196195 disposed:false
452 silly fetch manifest @esbuild/linux-ppc64@0.25.12
453 silly packumentCache full:https://registry.npmjs.org/@esbuild%2flinux-ppc64 cache-miss
454 http fetch GET 200 https://registry.npmjs.org/@esbuild%2fwin32-ia32 77ms (cache revalidated)
455 silly packumentCache full:https://registry.npmjs.org/@esbuild%2fwin32-ia32 set size:196374 disposed:false
456 silly fetch manifest @esbuild/linux-s390x@0.25.12
457 silly packumentCache full:https://registry.npmjs.org/@esbuild%2flinux-s390x cache-miss
458 http fetch GET 200 https://registry.npmjs.org/@esbuild%2fandroid-arm 81ms (cache revalidated)
459 silly packumentCache full:https://registry.npmjs.org/@esbuild%2fandroid-arm set size:221749 disposed:false
460 silly fetch manifest @esbuild/openbsd-x64@0.25.12
461 silly packumentCache full:https://registry.npmjs.org/@esbuild%2fopenbsd-x64 cache-miss
462 http fetch GET 200 https://registry.npmjs.org/@esbuild%2fnetbsd-x64 93ms (cache revalidated)
463 silly packumentCache full:https://registry.npmjs.org/@esbuild%2fnetbsd-x64 set size:193883 disposed:false
464 silly fetch manifest @esbuild/win32-arm64@0.25.12
465 silly packumentCache full:https://registry.npmjs.org/@esbuild%2fwin32-arm64 cache-miss
466 http fetch GET 200 https://registry.npmjs.org/@esbuild%2fandroid-x64 87ms (cache revalidated)
467 silly packumentCache full:https://registry.npmjs.org/@esbuild%2fandroid-x64 set size:195551 disposed:false
468 silly fetch manifest @esbuild/darwin-arm64@0.25.12
469 silly packumentCache full:https://registry.npmjs.org/@esbuild%2fdarwin-arm64 cache-miss
470 http fetch GET 200 https://registry.npmjs.org/@esbuild%2ffreebsd-x64 94ms (cache revalidated)
471 silly packumentCache full:https://registry.npmjs.org/@esbuild%2ffreebsd-x64 set size:197070 disposed:false
472 silly fetch manifest @esbuild/netbsd-arm64@0.25.12
473 silly packumentCache full:https://registry.npmjs.org/@esbuild%2fnetbsd-arm64 cache-miss
474 http fetch GET 200 https://registry.npmjs.org/@esbuild%2flinux-ppc64 82ms (cache revalidated)
475 silly packumentCache full:https://registry.npmjs.org/@esbuild%2flinux-ppc64 set size:199310 disposed:false
476 silly fetch manifest @esbuild/android-arm64@0.25.12
477 silly packumentCache full:https://registry.npmjs.org/@esbuild%2fandroid-arm64 cache-miss
478 http fetch GET 200 https://registry.npmjs.org/@esbuild%2flinux-arm64 98ms (cache revalidated)
479 silly packumentCache full:https://registry.npmjs.org/@esbuild%2flinux-arm64 set size:197274 disposed:false
480 silly fetch manifest @esbuild/freebsd-arm64@0.25.12
481 silly packumentCache full:https://registry.npmjs.org/@esbuild%2ffreebsd-arm64 cache-miss
482 http fetch GET 200 https://registry.npmjs.org/@esbuild%2flinux-s390x 86ms (cache revalidated)
483 silly packumentCache full:https://registry.npmjs.org/@esbuild%2flinux-s390x set size:198784 disposed:false
484 silly fetch manifest @esbuild/linux-loong64@0.25.12
485 silly packumentCache full:https://registry.npmjs.org/@esbuild%2flinux-loong64 cache-miss
486 http fetch GET 200 https://registry.npmjs.org/@esbuild%2fwin32-arm64 79ms (cache revalidated)
487 silly packumentCache full:https://registry.npmjs.org/@esbuild%2fwin32-arm64 set size:197504 disposed:false
488 silly fetch manifest @esbuild/linux-riscv64@0.25.12
489 silly packumentCache full:https://registry.npmjs.org/@esbuild%2flinux-riscv64 cache-miss
490 http fetch GET 200 https://registry.npmjs.org/@esbuild%2fopenbsd-x64 83ms (cache revalidated)
491 silly packumentCache full:https://registry.npmjs.org/@esbuild%2fopenbsd-x64 set size:197080 disposed:false
492 silly fetch manifest @esbuild/openbsd-arm64@0.25.12
493 silly packumentCache full:https://registry.npmjs.org/@esbuild%2fopenbsd-arm64 cache-miss
494 http fetch GET 200 https://registry.npmjs.org/@esbuild%2fdarwin-arm64 77ms (cache revalidated)
495 silly packumentCache full:https://registry.npmjs.org/@esbuild%2fdarwin-arm64 set size:197958 disposed:false
496 silly fetch manifest @esbuild/linux-mips64el@0.25.12
497 silly packumentCache full:https://registry.npmjs.org/@esbuild%2flinux-mips64el cache-miss
498 http fetch GET 200 https://registry.npmjs.org/@esbuild%2fnetbsd-arm64 83ms (cache revalidated)
499 silly packumentCache full:https://registry.npmjs.org/@esbuild%2fnetbsd-arm64 set size:40794 disposed:false
500 silly fetch manifest @esbuild/openharmony-arm64@0.25.12
501 silly packumentCache full:https://registry.npmjs.org/@esbuild%2fopenharmony-arm64 cache-miss
502 http fetch GET 200 https://registry.npmjs.org/@esbuild%2ffreebsd-arm64 85ms (cache revalidated)
503 silly packumentCache full:https://registry.npmjs.org/@esbuild%2ffreebsd-arm64 set size:198853 disposed:false
504 silly fetch manifest nanoid@^3.3.11
505 silly packumentCache full:https://registry.npmjs.org/nanoid cache-miss
506 http fetch GET 200 https://registry.npmjs.org/@esbuild%2fandroid-arm64 87ms (cache revalidated)
507 silly packumentCache full:https://registry.npmjs.org/@esbuild%2fandroid-arm64 set size:200684 disposed:false
508 silly fetch manifest source-map-js@^1.2.1
509 silly packumentCache full:https://registry.npmjs.org/source-map-js cache-miss
510 http fetch GET 200 https://registry.npmjs.org/@esbuild%2flinux-loong64 84ms (cache revalidated)
511 silly packumentCache full:https://registry.npmjs.org/@esbuild%2flinux-loong64 set size:252211 disposed:false
512 silly fetch manifest @types/estree@1.0.8
513 silly packumentCache full:https://registry.npmjs.org/@types%2festree cache-miss
514 http fetch GET 200 https://registry.npmjs.org/@esbuild%2flinux-mips64el 78ms (cache revalidated)
515 silly packumentCache full:https://registry.npmjs.org/@esbuild%2flinux-mips64el set size:201062 disposed:false
516 silly fetch manifest @rollup/rollup-darwin-arm64@4.60.2
517 silly packumentCache full:https://registry.npmjs.org/@rollup%2frollup-darwin-arm64 cache-miss
518 http fetch GET 200 https://registry.npmjs.org/@esbuild%2fopenbsd-arm64 84ms (cache revalidated)
519 silly packumentCache full:https://registry.npmjs.org/@esbuild%2fopenbsd-arm64 set size:46111 disposed:false
520 silly fetch manifest @rollup/rollup-android-arm64@4.60.2
521 silly packumentCache full:https://registry.npmjs.org/@rollup%2frollup-android-arm64 cache-miss
522 http fetch GET 200 https://registry.npmjs.org/source-map-js 76ms (cache miss)
523 silly packumentCache full:https://registry.npmjs.org/source-map-js set size:undefined disposed:false
524 silly fetch manifest @rollup/rollup-win32-arm64-msvc@4.60.2
525 silly packumentCache full:https://registry.npmjs.org/@rollup%2frollup-win32-arm64-msvc cache-miss
526 http fetch GET 200 https://registry.npmjs.org/nanoid 82ms (cache miss)
527 silly packumentCache full:https://registry.npmjs.org/nanoid set size:undefined disposed:false
528 silly fetch manifest @rollup/rollup-freebsd-arm64@4.60.2
529 silly packumentCache full:https://registry.npmjs.org/@rollup%2frollup-freebsd-arm64 cache-miss
530 http fetch GET 200 https://registry.npmjs.org/@esbuild%2fopenharmony-arm64 108ms (cache revalidated)
531 silly packumentCache full:https://registry.npmjs.org/@esbuild%2fopenharmony-arm64 set size:29494 disposed:false
532 silly fetch manifest @rollup/rollup-linux-arm64-gnu@4.60.2
533 silly packumentCache full:https://registry.npmjs.org/@rollup%2frollup-linux-arm64-gnu cache-miss
534 http fetch GET 200 https://registry.npmjs.org/@types%2festree 75ms (cache miss)
535 silly packumentCache full:https://registry.npmjs.org/@types%2festree set size:undefined disposed:false
536 silly fetch manifest @rollup/rollup-linux-arm64-musl@4.60.2
537 silly packumentCache full:https://registry.npmjs.org/@rollup%2frollup-linux-arm64-musl cache-miss
538 http fetch GET 200 https://registry.npmjs.org/@rollup%2frollup-android-arm64 94ms (cache miss)
539 silly packumentCache full:https://registry.npmjs.org/@rollup%2frollup-android-arm64 set size:undefined disposed:false
540 silly fetch manifest @rollup/rollup-android-arm-eabi@4.60.2
541 silly packumentCache full:https://registry.npmjs.org/@rollup%2frollup-android-arm-eabi cache-miss
542 http fetch GET 200 https://registry.npmjs.org/@rollup%2frollup-darwin-arm64 98ms (cache miss)
543 silly packumentCache full:https://registry.npmjs.org/@rollup%2frollup-darwin-arm64 set size:undefined disposed:false
544 silly fetch manifest @rollup/rollup-linux-arm-gnueabihf@4.60.2
545 silly packumentCache full:https://registry.npmjs.org/@rollup%2frollup-linux-arm-gnueabihf cache-miss
546 http fetch GET 200 https://registry.npmjs.org/@rollup%2frollup-win32-arm64-msvc 88ms (cache miss)
547 silly packumentCache full:https://registry.npmjs.org/@rollup%2frollup-win32-arm64-msvc set size:undefined disposed:false
548 silly fetch manifest @rollup/rollup-linux-arm-musleabihf@4.60.2
549 silly packumentCache full:https://registry.npmjs.org/@rollup%2frollup-linux-arm-musleabihf cache-miss
550 http fetch GET 200 https://registry.npmjs.org/@rollup%2frollup-freebsd-arm64 94ms (cache miss)
551 silly packumentCache full:https://registry.npmjs.org/@rollup%2frollup-freebsd-arm64 set size:undefined disposed:false
552 silly fetch manifest @rollup/rollup-win32-ia32-msvc@4.60.2
553 silly packumentCache full:https://registry.npmjs.org/@rollup%2frollup-win32-ia32-msvc cache-miss
554 http fetch GET 200 https://registry.npmjs.org/@esbuild%2flinux-riscv64 229ms (cache revalidated)
555 silly packumentCache full:https://registry.npmjs.org/@esbuild%2flinux-riscv64 set size:198981 disposed:false
556 silly fetch manifest @rollup/rollup-linux-loong64-gnu@4.60.2
557 silly packumentCache full:https://registry.npmjs.org/@rollup%2frollup-linux-loong64-gnu cache-miss
558 http fetch GET 200 https://registry.npmjs.org/@rollup%2frollup-linux-arm64-musl 87ms (cache miss)
559 silly packumentCache full:https://registry.npmjs.org/@rollup%2frollup-linux-arm64-musl set size:undefined disposed:false
560 silly fetch manifest @rollup/rollup-linux-loong64-musl@4.60.2
561 silly packumentCache full:https://registry.npmjs.org/@rollup%2frollup-linux-loong64-musl cache-miss
562 http fetch GET 200 https://registry.npmjs.org/@rollup%2frollup-linux-arm64-gnu 118ms (cache miss)
563 silly packumentCache full:https://registry.npmjs.org/@rollup%2frollup-linux-arm64-gnu set size:undefined disposed:false
564 silly fetch manifest @rollup/rollup-linux-riscv64-gnu@4.60.2
565 silly packumentCache full:https://registry.npmjs.org/@rollup%2frollup-linux-riscv64-gnu cache-miss
566 http fetch GET 200 https://registry.npmjs.org/@rollup%2frollup-android-arm-eabi 89ms (cache miss)
567 silly packumentCache full:https://registry.npmjs.org/@rollup%2frollup-android-arm-eabi set size:undefined disposed:false
568 silly fetch manifest @rollup/rollup-linux-riscv64-musl@4.60.2
569 silly packumentCache full:https://registry.npmjs.org/@rollup%2frollup-linux-riscv64-musl cache-miss
570 http fetch GET 200 https://registry.npmjs.org/@rollup%2frollup-linux-arm-gnueabihf 88ms (cache miss)
571 silly packumentCache full:https://registry.npmjs.org/@rollup%2frollup-linux-arm-gnueabihf set size:undefined disposed:false
572 silly fetch manifest @rollup/rollup-linux-ppc64-gnu@4.60.2
573 silly packumentCache full:https://registry.npmjs.org/@rollup%2frollup-linux-ppc64-gnu cache-miss
574 http fetch GET 200 https://registry.npmjs.org/@rollup%2frollup-linux-arm-musleabihf 98ms (cache miss)
575 silly packumentCache full:https://registry.npmjs.org/@rollup%2frollup-linux-arm-musleabihf set size:undefined disposed:false
576 silly fetch manifest @rollup/rollup-linux-ppc64-musl@4.60.2
577 silly packumentCache full:https://registry.npmjs.org/@rollup%2frollup-linux-ppc64-musl cache-miss
578 http fetch GET 200 https://registry.npmjs.org/@rollup%2frollup-win32-ia32-msvc 90ms (cache miss)
579 silly packumentCache full:https://registry.npmjs.org/@rollup%2frollup-win32-ia32-msvc set size:undefined disposed:false
580 silly fetch manifest @rollup/rollup-linux-s390x-gnu@4.60.2
581 silly packumentCache full:https://registry.npmjs.org/@rollup%2frollup-linux-s390x-gnu cache-miss
582 http fetch GET 200 https://registry.npmjs.org/@rollup%2frollup-linux-loong64-gnu 81ms (cache miss)
583 silly packumentCache full:https://registry.npmjs.org/@rollup%2frollup-linux-loong64-gnu set size:undefined disposed:false
584 silly fetch manifest @rollup/rollup-darwin-x64@4.60.2
585 silly packumentCache full:https://registry.npmjs.org/@rollup%2frollup-darwin-x64 cache-miss
586 http fetch GET 200 https://registry.npmjs.org/@rollup%2frollup-linux-loong64-musl 71ms (cache miss)
587 silly packumentCache full:https://registry.npmjs.org/@rollup%2frollup-linux-loong64-musl set size:undefined disposed:false
588 silly fetch manifest @rollup/rollup-win32-x64-gnu@4.60.2
589 silly packumentCache full:https://registry.npmjs.org/@rollup%2frollup-win32-x64-gnu cache-miss
590 http fetch GET 200 https://registry.npmjs.org/@rollup%2frollup-linux-riscv64-gnu 88ms (cache miss)
591 silly packumentCache full:https://registry.npmjs.org/@rollup%2frollup-linux-riscv64-gnu set size:undefined disposed:false
592 silly fetch manifest @rollup/rollup-win32-x64-msvc@4.60.2
593 silly packumentCache full:https://registry.npmjs.org/@rollup%2frollup-win32-x64-msvc cache-miss
594 http fetch GET 200 https://registry.npmjs.org/@rollup%2frollup-linux-riscv64-musl 77ms (cache miss)
595 silly packumentCache full:https://registry.npmjs.org/@rollup%2frollup-linux-riscv64-musl set size:undefined disposed:false
596 silly fetch manifest @rollup/rollup-freebsd-x64@4.60.2
597 silly packumentCache full:https://registry.npmjs.org/@rollup%2frollup-freebsd-x64 cache-miss
598 http fetch GET 200 https://registry.npmjs.org/@rollup%2frollup-linux-ppc64-gnu 83ms (cache miss)
599 silly packumentCache full:https://registry.npmjs.org/@rollup%2frollup-linux-ppc64-gnu set size:undefined disposed:false
600 silly fetch manifest @rollup/rollup-linux-x64-gnu@4.60.2
601 silly packumentCache full:https://registry.npmjs.org/@rollup%2frollup-linux-x64-gnu cache-miss
602 http fetch GET 200 https://registry.npmjs.org/@rollup%2frollup-linux-ppc64-musl 107ms (cache miss)
603 silly packumentCache full:https://registry.npmjs.org/@rollup%2frollup-linux-ppc64-musl set size:undefined disposed:false
604 silly fetch manifest @rollup/rollup-linux-x64-musl@4.60.2
605 silly packumentCache full:https://registry.npmjs.org/@rollup%2frollup-linux-x64-musl cache-miss
606 http fetch GET 200 https://registry.npmjs.org/@rollup%2frollup-win32-x64-gnu 91ms (cache miss)
607 silly packumentCache full:https://registry.npmjs.org/@rollup%2frollup-win32-x64-gnu set size:undefined disposed:false
608 silly fetch manifest @rollup/rollup-openbsd-x64@4.60.2
609 silly packumentCache full:https://registry.npmjs.org/@rollup%2frollup-openbsd-x64 cache-miss
610 http fetch GET 200 https://registry.npmjs.org/@rollup%2frollup-linux-s390x-gnu 108ms (cache miss)
611 silly packumentCache full:https://registry.npmjs.org/@rollup%2frollup-linux-s390x-gnu set size:undefined disposed:false
612 silly fetch manifest @rollup/rollup-openharmony-arm64@4.60.2
613 silly packumentCache full:https://registry.npmjs.org/@rollup%2frollup-openharmony-arm64 cache-miss
614 http fetch GET 200 https://registry.npmjs.org/@rollup%2frollup-darwin-x64 102ms (cache miss)
615 silly packumentCache full:https://registry.npmjs.org/@rollup%2frollup-darwin-x64 set size:undefined disposed:false
616 http fetch GET 200 https://registry.npmjs.org/@rollup%2frollup-freebsd-x64 78ms (cache miss)
617 silly packumentCache full:https://registry.npmjs.org/@rollup%2frollup-freebsd-x64 set size:undefined disposed:false
618 http fetch GET 200 https://registry.npmjs.org/@rollup%2frollup-win32-x64-msvc 108ms (cache miss)
619 silly packumentCache full:https://registry.npmjs.org/@rollup%2frollup-win32-x64-msvc set size:undefined disposed:false
620 http fetch GET 200 https://registry.npmjs.org/@rollup%2frollup-linux-x64-gnu 93ms (cache miss)
621 silly packumentCache full:https://registry.npmjs.org/@rollup%2frollup-linux-x64-gnu set size:undefined disposed:false
622 http fetch GET 200 https://registry.npmjs.org/@rollup%2frollup-openharmony-arm64 110ms (cache miss)
623 silly packumentCache full:https://registry.npmjs.org/@rollup%2frollup-openharmony-arm64 set size:undefined disposed:false
624 http fetch GET 200 https://registry.npmjs.org/@rollup%2frollup-openbsd-x64 127ms (cache miss)
625 silly packumentCache full:https://registry.npmjs.org/@rollup%2frollup-openbsd-x64 set size:undefined disposed:false
626 http fetch GET 200 https://registry.npmjs.org/@rollup%2frollup-linux-x64-musl 158ms (cache miss)
627 silly packumentCache full:https://registry.npmjs.org/@rollup%2frollup-linux-x64-musl set size:undefined disposed:false
628 silly placeDep ROOT nanoid@3.3.11 OK for: postcss@8.5.10 want: ^3.3.11
629 silly placeDep ROOT source-map-js@1.2.1 OK for: postcss@8.5.10 want: ^1.2.1
630 silly placeDep ROOT @rollup/rollup-android-arm-eabi@4.60.2 OK for: rollup@4.60.2 want: 4.60.2
631 silly placeDep ROOT @rollup/rollup-android-arm64@4.60.2 OK for: rollup@4.60.2 want: 4.60.2
632 silly placeDep ROOT @rollup/rollup-darwin-arm64@4.60.2 OK for: rollup@4.60.2 want: 4.60.2
633 silly placeDep ROOT @rollup/rollup-darwin-x64@4.60.2 OK for: rollup@4.60.2 want: 4.60.2
634 silly placeDep ROOT @rollup/rollup-freebsd-arm64@4.60.2 OK for: rollup@4.60.2 want: 4.60.2
635 silly placeDep ROOT @rollup/rollup-freebsd-x64@4.60.2 OK for: rollup@4.60.2 want: 4.60.2
636 silly placeDep ROOT @rollup/rollup-linux-arm-gnueabihf@4.60.2 OK for: rollup@4.60.2 want: 4.60.2
637 silly placeDep ROOT @rollup/rollup-linux-arm-musleabihf@4.60.2 OK for: rollup@4.60.2 want: 4.60.2
638 silly placeDep ROOT @rollup/rollup-linux-arm64-gnu@4.60.2 OK for: rollup@4.60.2 want: 4.60.2
639 silly placeDep ROOT @rollup/rollup-linux-arm64-musl@4.60.2 OK for: rollup@4.60.2 want: 4.60.2
640 silly placeDep ROOT @rollup/rollup-linux-loong64-gnu@4.60.2 OK for: rollup@4.60.2 want: 4.60.2
641 silly placeDep ROOT @rollup/rollup-linux-loong64-musl@4.60.2 OK for: rollup@4.60.2 want: 4.60.2
642 silly placeDep ROOT @rollup/rollup-linux-ppc64-gnu@4.60.2 OK for: rollup@4.60.2 want: 4.60.2
643 silly placeDep ROOT @rollup/rollup-linux-ppc64-musl@4.60.2 OK for: rollup@4.60.2 want: 4.60.2
644 silly placeDep ROOT @rollup/rollup-linux-riscv64-gnu@4.60.2 OK for: rollup@4.60.2 want: 4.60.2
645 silly placeDep ROOT @rollup/rollup-linux-riscv64-musl@4.60.2 OK for: rollup@4.60.2 want: 4.60.2
646 silly placeDep ROOT @rollup/rollup-linux-s390x-gnu@4.60.2 OK for: rollup@4.60.2 want: 4.60.2
647 silly placeDep ROOT @rollup/rollup-linux-x64-gnu@4.60.2 OK for: rollup@4.60.2 want: 4.60.2
648 silly placeDep ROOT @rollup/rollup-linux-x64-musl@4.60.2 OK for: rollup@4.60.2 want: 4.60.2
649 silly placeDep ROOT @rollup/rollup-openbsd-x64@4.60.2 OK for: rollup@4.60.2 want: 4.60.2
650 silly placeDep ROOT @rollup/rollup-openharmony-arm64@4.60.2 OK for: rollup@4.60.2 want: 4.60.2
651 silly placeDep ROOT @rollup/rollup-win32-arm64-msvc@4.60.2 OK for: rollup@4.60.2 want: 4.60.2
652 silly placeDep ROOT @rollup/rollup-win32-ia32-msvc@4.60.2 OK for: rollup@4.60.2 want: 4.60.2
653 silly placeDep ROOT @rollup/rollup-win32-x64-gnu@4.60.2 OK for: rollup@4.60.2 want: 4.60.2
654 silly placeDep ROOT @rollup/rollup-win32-x64-msvc@4.60.2 OK for: rollup@4.60.2 want: 4.60.2
655 silly placeDep ROOT @types/estree@1.0.8 OK for: rollup@4.60.2 want: 1.0.8
656 silly placeDep node_modules/@babel/core ms@2.1.3 OK for: debug@4.4.3 want: ^2.1.3
657 silly placeDep node_modules/@babel/traverse ms@2.1.3 OK for: debug@4.4.3 want: ^2.1.3
658 silly placeDep node_modules/vite @esbuild/aix-ppc64@0.25.12 OK for: esbuild@0.25.12 want: 0.25.12
659 silly placeDep node_modules/vite @esbuild/android-arm@0.25.12 OK for: esbuild@0.25.12 want: 0.25.12
660 silly placeDep node_modules/vite @esbuild/android-arm64@0.25.12 OK for: esbuild@0.25.12 want: 0.25.12
661 silly placeDep node_modules/vite @esbuild/android-x64@0.25.12 OK for: esbuild@0.25.12 want: 0.25.12
662 silly placeDep node_modules/vite @esbuild/darwin-arm64@0.25.12 OK for: esbuild@0.25.12 want: 0.25.12
663 silly placeDep node_modules/vite @esbuild/darwin-x64@0.25.12 OK for: esbuild@0.25.12 want: 0.25.12
664 silly placeDep node_modules/vite @esbuild/freebsd-arm64@0.25.12 OK for: esbuild@0.25.12 want: 0.25.12
665 silly placeDep node_modules/vite @esbuild/freebsd-x64@0.25.12 OK for: esbuild@0.25.12 want: 0.25.12
666 silly placeDep node_modules/vite @esbuild/linux-arm@0.25.12 OK for: esbuild@0.25.12 want: 0.25.12
667 silly placeDep node_modules/vite @esbuild/linux-arm64@0.25.12 OK for: esbuild@0.25.12 want: 0.25.12
668 silly placeDep node_modules/vite @esbuild/linux-ia32@0.25.12 OK for: esbuild@0.25.12 want: 0.25.12
669 silly placeDep node_modules/vite @esbuild/linux-loong64@0.25.12 OK for: esbuild@0.25.12 want: 0.25.12
670 silly placeDep node_modules/vite @esbuild/linux-mips64el@0.25.12 OK for: esbuild@0.25.12 want: 0.25.12
671 silly placeDep node_modules/vite @esbuild/linux-ppc64@0.25.12 OK for: esbuild@0.25.12 want: 0.25.12
672 silly placeDep node_modules/vite @esbuild/linux-riscv64@0.25.12 OK for: esbuild@0.25.12 want: 0.25.12
673 silly placeDep node_modules/vite @esbuild/linux-s390x@0.25.12 OK for: esbuild@0.25.12 want: 0.25.12
674 silly placeDep node_modules/vite @esbuild/linux-x64@0.25.12 OK for: esbuild@0.25.12 want: 0.25.12
675 silly placeDep node_modules/vite @esbuild/netbsd-arm64@0.25.12 OK for: esbuild@0.25.12 want: 0.25.12
676 silly placeDep node_modules/vite @esbuild/netbsd-x64@0.25.12 OK for: esbuild@0.25.12 want: 0.25.12
677 silly placeDep node_modules/vite @esbuild/openbsd-arm64@0.25.12 OK for: esbuild@0.25.12 want: 0.25.12
678 silly placeDep node_modules/vite @esbuild/openbsd-x64@0.25.12 OK for: esbuild@0.25.12 want: 0.25.12
679 silly placeDep node_modules/vite @esbuild/openharmony-arm64@0.25.12 OK for: esbuild@0.25.12 want: 0.25.12
680 silly placeDep node_modules/vite @esbuild/sunos-x64@0.25.12 OK for: esbuild@0.25.12 want: 0.25.12
681 silly placeDep node_modules/vite @esbuild/win32-arm64@0.25.12 OK for: esbuild@0.25.12 want: 0.25.12
682 silly placeDep node_modules/vite @esbuild/win32-ia32@0.25.12 OK for: esbuild@0.25.12 want: 0.25.12
683 silly placeDep node_modules/vite @esbuild/win32-x64@0.25.12 OK for: esbuild@0.25.12 want: 0.25.12
684 silly reify moves {}
685 silly audit bulk request {
685 silly audit   '@babel/runtime': [ '7.29.2' ],
685 silly audit   '@esbuild/aix-ppc64': [ '0.27.7', '0.25.12' ],
685 silly audit   '@esbuild/android-arm': [ '0.27.7', '0.25.12' ],
685 silly audit   '@esbuild/android-arm64': [ '0.27.7', '0.25.12' ],
685 silly audit   '@esbuild/android-x64': [ '0.27.7', '0.25.12' ],
685 silly audit   '@esbuild/darwin-arm64': [ '0.27.7', '0.25.12' ],
685 silly audit   '@esbuild/darwin-x64': [ '0.27.7', '0.25.12' ],
685 silly audit   '@esbuild/freebsd-arm64': [ '0.27.7', '0.25.12' ],
685 silly audit   '@esbuild/freebsd-x64': [ '0.27.7', '0.25.12' ],
685 silly audit   '@esbuild/linux-arm': [ '0.27.7', '0.25.12' ],
685 silly audit   '@esbuild/linux-arm64': [ '0.27.7', '0.25.12' ],
685 silly audit   '@esbuild/linux-ia32': [ '0.27.7', '0.25.12' ],
685 silly audit   '@esbuild/linux-loong64': [ '0.27.7', '0.25.12' ],
685 silly audit   '@esbuild/linux-mips64el': [ '0.27.7', '0.25.12' ],
685 silly audit   '@esbuild/linux-ppc64': [ '0.27.7', '0.25.12' ],
685 silly audit   '@esbuild/linux-riscv64': [ '0.27.7', '0.25.12' ],
685 silly audit   '@esbuild/linux-s390x': [ '0.27.7', '0.25.12' ],
685 silly audit   '@esbuild/linux-x64': [ '0.27.7', '0.25.12' ],
685 silly audit   '@esbuild/netbsd-arm64': [ '0.27.7', '0.25.12' ],
685 silly audit   '@esbuild/netbsd-x64': [ '0.27.7', '0.25.12' ],
685 silly audit   '@esbuild/openbsd-arm64': [ '0.27.7', '0.25.12' ],
685 silly audit   '@esbuild/openbsd-x64': [ '0.27.7', '0.25.12' ],
685 silly audit   '@esbuild/openharmony-arm64': [ '0.27.7', '0.25.12' ],
685 silly audit   '@esbuild/sunos-x64': [ '0.27.7', '0.25.12' ],
685 silly audit   '@esbuild/win32-arm64': [ '0.27.7', '0.25.12' ],
685 silly audit   '@esbuild/win32-ia32': [ '0.27.7', '0.25.12' ],
685 silly audit   '@esbuild/win32-x64': [ '0.27.7', '0.25.12' ],
685 silly audit   '@types/body-parser': [ '1.19.6' ],
685 silly audit   '@types/connect': [ '3.4.38' ],
685 silly audit   '@types/express': [ '4.17.25' ],
685 silly audit   '@types/express-serve-static-core': [ '4.19.8' ],
685 silly audit   '@types/http-errors': [ '2.0.5' ],
685 silly audit   '@types/mime': [ '1.3.5' ],
685 silly audit   '@types/node': [ '25.6.0' ],
685 silly audit   '@types/qs': [ '6.15.0' ],
685 silly audit   '@types/range-parser': [ '1.2.7' ],
685 silly audit   '@types/send': [ '1.2.1', '0.17.6' ],
685 silly audit   '@types/serve-static': [ '1.15.10' ],
685 silly audit   '@types/uuid': [ '9.0.8' ],
685 silly audit   '@types/ws': [ '8.18.1' ],
685 silly audit   accepts: [ '1.3.8' ],
685 silly audit   'ansi-regex': [ '5.0.1' ],
685 silly audit   'ansi-styles': [ '4.3.0' ],
685 silly audit   'array-flatten': [ '1.1.1' ],
685 silly audit   'body-parser': [ '1.20.4' ],
685 silly audit   bytes: [ '3.1.2' ],
685 silly audit   'call-bind-apply-helpers': [ '1.0.2' ],
685 silly audit   'call-bound': [ '1.0.4' ],
685 silly audit   chalk: [ '4.1.2' ],
685 silly audit   'supports-color': [ '7.2.0', '8.1.1' ],
685 silly audit   cliui: [ '8.0.1' ],
685 silly audit   'color-convert': [ '2.0.1' ],
685 silly audit   'color-name': [ '1.1.4' ],
685 silly audit   concurrently: [ '8.2.2' ],
685 silly audit   'content-disposition': [ '0.5.4' ],
685 silly audit   'content-type': [ '1.0.5' ],
685 silly audit   cookie: [ '0.7.2' ],
685 silly audit   'cookie-signature': [ '1.0.7' ],
685 silly audit   'cross-env': [ '7.0.3' ],
685 silly audit   'cross-spawn': [ '7.0.6' ],
685 silly audit   'date-fns': [ '2.30.0' ],
685 silly audit   debug: [ '2.6.9', '4.4.3' ],
685 silly audit   depd: [ '2.0.0' ],
685 silly audit   destroy: [ '1.2.0' ],
685 silly audit   'dunder-proto': [ '1.0.1' ],
685 silly audit   'ee-first': [ '1.1.1' ],
685 silly audit   'emoji-regex': [ '8.0.0' ],
685 silly audit   encodeurl: [ '2.0.0' ],
685 silly audit   'es-define-property': [ '1.0.1' ],
685 silly audit   'es-errors': [ '1.3.0' ],
685 silly audit   'es-object-atoms': [ '1.1.1' ],
685 silly audit   esbuild: [ '0.27.7', '0.25.12' ],
685 silly audit   escalade: [ '3.2.0' ],
685 silly audit   'escape-html': [ '1.0.3' ],
685 silly audit   etag: [ '1.8.1' ],
685 silly audit   express: [ '4.22.1' ],
685 silly audit   finalhandler: [ '1.3.2' ],
685 silly audit   forwarded: [ '0.2.0' ],
685 silly audit   fresh: [ '0.5.2' ],
685 silly audit   fsevents: [ '2.3.3' ],
685 silly audit   'function-bind': [ '1.1.2' ],
685 silly audit   'get-caller-file': [ '2.0.5' ],
685 silly audit   'get-intrinsic': [ '1.3.0' ],
685 silly audit   'get-proto': [ '1.0.1' ],
685 silly audit   'get-tsconfig': [ '4.14.0' ],
685 silly audit   gopd: [ '1.2.0' ],
685 silly audit   'has-flag': [ '4.0.0' ],
685 silly audit   'has-symbols': [ '1.1.0' ],
685 silly audit   hasown: [ '2.0.3' ],
685 silly audit   'http-errors': [ '2.0.1' ],
685 silly audit   'iconv-lite': [ '0.4.24' ],
685 silly audit   inherits: [ '2.0.4' ],
685 silly audit   'ipaddr.js': [ '1.9.1' ],
685 silly audit   'is-fullwidth-code-point': [ '3.0.0' ],
685 silly audit   isexe: [ '2.0.0' ],
685 silly audit   lodash: [ '4.18.1' ],
685 silly audit   'math-intrinsics': [ '1.1.0' ],
685 silly audit   'media-typer': [ '0.3.0' ],
685 silly audit   'merge-descriptors': [ '1.0.3' ],
685 silly audit   methods: [ '1.1.2' ],
685 silly audit   mime: [ '1.6.0' ],
685 silly audit   'mime-db': [ '1.52.0' ],
685 silly audit   'mime-types': [ '2.1.35' ],
685 silly audit   ms: [ '2.0.0', '2.1.3' ],
685 silly audit   negotiator: [ '0.6.3' ],
685 silly audit   'object-inspect': [ '1.13.4' ],
685 silly audit   'on-finished': [ '2.4.1' ],
685 silly audit   parseurl: [ '1.3.3' ],
685 silly audit   'path-key': [ '3.1.1' ],
685 silly audit   'path-to-regexp': [ '0.1.13' ],
685 silly audit   'proxy-addr': [ '2.0.7' ],
685 silly audit   qs: [ '6.14.2' ],
685 silly audit   'range-parser': [ '1.2.1' ],
685 silly audit   'raw-body': [ '2.5.3' ],
685 silly audit   'require-directory': [ '2.1.1' ],
685 silly audit   'resolve-pkg-maps': [ '1.0.0' ],
685 silly audit   rxjs: [ '7.8.2' ],
685 silly audit   'safe-buffer': [ '5.2.1' ],
685 silly audit   'safer-buffer': [ '2.1.2' ],
685 silly audit   send: [ '0.19.2' ],
685 silly audit   'serve-static': [ '1.16.3' ],
685 silly audit   setprototypeof: [ '1.2.0' ],
685 silly audit   'shebang-command': [ '2.0.0' ],
685 silly audit   'shebang-regex': [ '3.0.0' ],
685 silly audit   'shell-quote': [ '1.8.3' ],
685 silly audit   'side-channel': [ '1.1.0' ],
685 silly audit   'side-channel-list': [ '1.0.1' ],
685 silly audit   'side-channel-map': [ '1.0.1' ],
685 silly audit   'side-channel-weakmap': [ '1.0.2' ],
685 silly audit   'spawn-command': [ '0.0.2' ],
685 silly audit   statuses: [ '2.0.2' ],
685 silly audit   'string-width': [ '4.2.3' ],
685 silly audit   'strip-ansi': [ '6.0.1' ],
685 silly audit   toidentifier: [ '1.0.1' ],
685 silly audit   'tree-kill': [ '1.2.2' ],
685 silly audit   tslib: [ '2.8.1' ],
685 silly audit   tsx: [ '4.21.0' ],
685 silly audit   'type-is': [ '1.6.18' ],
685 silly audit   typescript: [ '5.9.3' ],
685 silly audit   'undici-types': [ '7.19.2' ],
685 silly audit   unpipe: [ '1.0.0' ],
685 silly audit   'utils-merge': [ '1.0.1' ],
685 silly audit   uuid: [ '9.0.1' ],
685 silly audit   vary: [ '1.1.2' ],
685 silly audit   which: [ '2.0.2' ],
685 silly audit   'wrap-ansi': [ '7.0.0' ],
685 silly audit   ws: [ '8.20.0' ],
685 silly audit   y18n: [ '5.0.8' ],
685 silly audit   yargs: [ '17.7.2' ],
685 silly audit   'yargs-parser': [ '21.1.1' ],
685 silly audit   zod: [ '3.25.76' ],
685 silly audit   '@types/react': [ '19.2.14' ],
685 silly audit   '@types/react-dom': [ '19.2.3' ],
685 silly audit   '@vitejs/plugin-react': [ '4.7.0' ],
685 silly audit   vite: [ '6.4.2' ],
685 silly audit   react: [ '19.2.5' ],
685 silly audit   'react-dom': [ '19.2.5' ],
685 silly audit   csstype: [ '3.2.3' ],
685 silly audit   '@babel/core': [ '7.29.0' ],
685 silly audit   '@babel/plugin-transform-react-jsx-self': [ '7.27.1' ],
685 silly audit   '@babel/plugin-transform-react-jsx-source': [ '7.27.1' ],
685 silly audit   '@rolldown/pluginutils': [ '1.0.0-beta.27' ],
685 silly audit   '@types/babel__core': [ '7.20.5' ],
685 silly audit   'react-refresh': [ '0.17.0' ],
685 silly audit   '@babel/code-frame': [ '7.29.0' ],
685 silly audit   '@babel/generator': [ '7.29.1' ],
685 silly audit   '@babel/helper-compilation-targets': [ '7.28.6' ],
685 silly audit   '@babel/helper-module-transforms': [ '7.28.6' ],
685 silly audit   '@babel/helpers': [ '7.29.2' ],
685 silly audit   '@babel/parser': [ '7.29.2' ],
685 silly audit   '@babel/template': [ '7.28.6' ],
685 silly audit   '@babel/traverse': [ '7.29.0' ],
685 silly audit   '@babel/types': [ '7.29.0' ],
685 silly audit   '@jridgewell/remapping': [ '2.3.5' ],
685 silly audit   'convert-source-map': [ '2.0.0' ],
685 silly audit   gensync: [ '1.0.0-beta.2' ],
685 silly audit   json5: [ '2.2.3' ],
685 silly audit   semver: [ '6.3.1' ],
685 silly audit   '@babel/helper-validator-identifier': [ '7.28.5' ],
685 silly audit   'js-tokens': [ '4.0.0' ],
685 silly audit   picocolors: [ '1.1.1' ],
685 silly audit   '@jridgewell/gen-mapping': [ '0.3.13' ],
685 silly audit   '@jridgewell/trace-mapping': [ '0.3.31' ],
685 silly audit   jsesc: [ '3.1.0' ],
685 silly audit   '@babel/compat-data': [ '7.29.0' ],
685 silly audit   '@babel/helper-validator-option': [ '7.27.1' ],
685 silly audit   browserslist: [ '4.28.2' ],
685 silly audit   'lru-cache': [ '5.1.1' ],
685 silly audit   '@babel/helper-module-imports': [ '7.28.6' ],
685 silly audit   '@babel/helper-plugin-utils': [ '7.28.6' ],
685 silly audit   '@babel/helper-globals': [ '7.28.0' ],
685 silly audit   '@babel/helper-string-parser': [ '7.27.1' ],
685 silly audit   '@jridgewell/sourcemap-codec': [ '1.5.5' ],
685 silly audit   '@jridgewell/resolve-uri': [ '3.1.2' ],
685 silly audit   '@types/babel__generator': [ '7.27.0' ],
685 silly audit   '@types/babel__template': [ '7.4.4' ],
685 silly audit   '@types/babel__traverse': [ '7.28.0' ],
685 silly audit   'baseline-browser-mapping': [ '2.10.20' ],
685 silly audit   'caniuse-lite': [ '1.0.30001788' ],
685 silly audit   'electron-to-chromium': [ '1.5.340' ],
685 silly audit   'node-releases': [ '2.0.37' ],
685 silly audit   'update-browserslist-db': [ '1.2.3' ],
685 silly audit   yallist: [ '3.1.1' ],
685 silly audit   scheduler: [ '0.27.0' ],
685 silly audit   fdir: [ '6.5.0' ],
685 silly audit   picomatch: [ '4.0.4' ],
685 silly audit   postcss: [ '8.5.10' ],
685 silly audit   rollup: [ '4.60.2' ],
685 silly audit   tinyglobby: [ '0.2.16' ],
685 silly audit   nanoid: [ '3.3.11' ],
685 silly audit   'source-map-js': [ '1.2.1' ],
685 silly audit   '@rollup/rollup-android-arm-eabi': [ '4.60.2' ],
685 silly audit   '@rollup/rollup-android-arm64': [ '4.60.2' ],
685 silly audit   '@rollup/rollup-darwin-arm64': [ '4.60.2' ],
685 silly audit   '@rollup/rollup-darwin-x64': [ '4.60.2' ],
685 silly audit   '@rollup/rollup-freebsd-arm64': [ '4.60.2' ],
685 silly audit   '@rollup/rollup-freebsd-x64': [ '4.60.2' ],
685 silly audit   '@rollup/rollup-linux-arm-gnueabihf': [ '4.60.2' ],
685 silly audit   '@rollup/rollup-linux-arm-musleabihf': [ '4.60.2' ],
685 silly audit   '@rollup/rollup-linux-arm64-gnu': [ '4.60.2' ],
685 silly audit   '@rollup/rollup-linux-arm64-musl': [ '4.60.2' ],
685 silly audit   '@rollup/rollup-linux-loong64-gnu': [ '4.60.2' ],
685 silly audit   '@rollup/rollup-linux-loong64-musl': [ '4.60.2' ],
685 silly audit   '@rollup/rollup-linux-ppc64-gnu': [ '4.60.2' ],
685 silly audit   '@rollup/rollup-linux-ppc64-musl': [ '4.60.2' ],
685 silly audit   '@rollup/rollup-linux-riscv64-gnu': [ '4.60.2' ],
685 silly audit   '@rollup/rollup-linux-riscv64-musl': [ '4.60.2' ],
685 silly audit   '@rollup/rollup-linux-s390x-gnu': [ '4.60.2' ],
685 silly audit   '@rollup/rollup-linux-x64-gnu': [ '4.60.2' ],
685 silly audit   '@rollup/rollup-linux-x64-musl': [ '4.60.2' ],
685 silly audit   '@rollup/rollup-openbsd-x64': [ '4.60.2' ],
685 silly audit   '@rollup/rollup-openharmony-arm64': [ '4.60.2' ],
685 silly audit   '@rollup/rollup-win32-arm64-msvc': [ '4.60.2' ],
685 silly audit   '@rollup/rollup-win32-ia32-msvc': [ '4.60.2' ],
685 silly audit   '@rollup/rollup-win32-x64-gnu': [ '4.60.2' ],
685 silly audit   '@rollup/rollup-win32-x64-msvc': [ '4.60.2' ],
685 silly audit   '@types/estree': [ '1.0.8' ]
685 silly audit }
686 http cache @types/estree@https://registry.npmjs.org/@types/estree/-/estree-1.0.8.tgz 0ms (cache hit)
687 http cache nanoid@https://registry.npmjs.org/nanoid/-/nanoid-3.3.11.tgz 0ms (cache hit)
688 http cache source-map-js@https://registry.npmjs.org/source-map-js/-/source-map-js-1.2.1.tgz 0ms (cache hit)
689 http cache @rollup/rollup-darwin-arm64@https://registry.npmjs.org/@rollup/rollup-darwin-arm64/-/rollup-darwin-arm64-4.60.2.tgz 0ms (cache hit)
690 http cache rollup@https://registry.npmjs.org/rollup/-/rollup-4.60.2.tgz 0ms (cache hit)
691 http cache postcss@https://registry.npmjs.org/postcss/-/postcss-8.5.10.tgz 0ms (cache hit)
692 http cache yallist@https://registry.npmjs.org/yallist/-/yallist-3.1.1.tgz 0ms (cache hit)
693 http cache scheduler@https://registry.npmjs.org/scheduler/-/scheduler-0.27.0.tgz 0ms (cache hit)
694 http cache tinyglobby@https://registry.npmjs.org/tinyglobby/-/tinyglobby-0.2.16.tgz 0ms (cache hit)
695 http cache node-releases@https://registry.npmjs.org/node-releases/-/node-releases-2.0.37.tgz 0ms (cache hit)
696 http cache picomatch@https://registry.npmjs.org/picomatch/-/picomatch-4.0.4.tgz 0ms (cache hit)
697 http cache fdir@https://registry.npmjs.org/fdir/-/fdir-6.5.0.tgz 0ms (cache hit)
698 http cache update-browserslist-db@https://registry.npmjs.org/update-browserslist-db/-/update-browserslist-db-1.2.3.tgz 0ms (cache hit)
699 http cache baseline-browser-mapping@https://registry.npmjs.org/baseline-browser-mapping/-/baseline-browser-mapping-2.10.20.tgz 0ms (cache hit)
700 http cache electron-to-chromium@https://registry.npmjs.org/electron-to-chromium/-/electron-to-chromium-1.5.340.tgz 0ms (cache hit)
701 http cache @types/babel__generator@https://registry.npmjs.org/@types/babel__generator/-/babel__generator-7.27.0.tgz 0ms (cache hit)
702 http cache @types/babel__template@https://registry.npmjs.org/@types/babel__template/-/babel__template-7.4.4.tgz 0ms (cache hit)
703 http cache caniuse-lite@https://registry.npmjs.org/caniuse-lite/-/caniuse-lite-1.0.30001788.tgz 0ms (cache hit)
704 http cache @jridgewell/sourcemap-codec@https://registry.npmjs.org/@jridgewell/sourcemap-codec/-/sourcemap-codec-1.5.5.tgz 0ms (cache hit)
705 http cache @babel/helper-plugin-utils@https://registry.npmjs.org/@babel/helper-plugin-utils/-/helper-plugin-utils-7.28.6.tgz 0ms (cache hit)
706 http cache @babel/helper-string-parser@https://registry.npmjs.org/@babel/helper-string-parser/-/helper-string-parser-7.27.1.tgz 0ms (cache hit)
707 http cache @babel/helper-globals@https://registry.npmjs.org/@babel/helper-globals/-/helper-globals-7.28.0.tgz 0ms (cache hit)
708 http cache @jridgewell/resolve-uri@https://registry.npmjs.org/@jridgewell/resolve-uri/-/resolve-uri-3.1.2.tgz 0ms (cache hit)
709 http cache @babel/helper-module-imports@https://registry.npmjs.org/@babel/helper-module-imports/-/helper-module-imports-7.28.6.tgz 0ms (cache hit)
710 http cache @types/babel__traverse@https://registry.npmjs.org/@types/babel__traverse/-/babel__traverse-7.28.0.tgz 0ms (cache hit)
711 http cache lru-cache@https://registry.npmjs.org/lru-cache/-/lru-cache-5.1.1.tgz 0ms (cache hit)
712 http cache browserslist@https://registry.npmjs.org/browserslist/-/browserslist-4.28.2.tgz 0ms (cache hit)
713 http cache @jridgewell/trace-mapping@https://registry.npmjs.org/@jridgewell/trace-mapping/-/trace-mapping-0.3.31.tgz 0ms (cache hit)
714 http cache @babel/helper-validator-option@https://registry.npmjs.org/@babel/helper-validator-option/-/helper-validator-option-7.27.1.tgz 0ms (cache hit)
715 http cache jsesc@https://registry.npmjs.org/jsesc/-/jsesc-3.1.0.tgz 0ms (cache hit)
716 http cache @babel/compat-data@https://registry.npmjs.org/@babel/compat-data/-/compat-data-7.29.0.tgz 0ms (cache hit)
717 http cache js-tokens@https://registry.npmjs.org/js-tokens/-/js-tokens-4.0.0.tgz 0ms (cache hit)
718 http cache picocolors@https://registry.npmjs.org/picocolors/-/picocolors-1.1.1.tgz 0ms (cache hit)
719 http cache @babel/helper-validator-identifier@https://registry.npmjs.org/@babel/helper-validator-identifier/-/helper-validator-identifier-7.28.5.tgz 0ms (cache hit)
720 http cache convert-source-map@https://registry.npmjs.org/convert-source-map/-/convert-source-map-2.0.0.tgz 0ms (cache hit)
721 http cache semver@https://registry.npmjs.org/semver/-/semver-6.3.1.tgz 0ms (cache hit)
722 http cache json5@https://registry.npmjs.org/json5/-/json5-2.2.3.tgz 0ms (cache hit)
723 http cache @jridgewell/remapping@https://registry.npmjs.org/@jridgewell/remapping/-/remapping-2.3.5.tgz 0ms (cache hit)
724 http cache @babel/types@https://registry.npmjs.org/@babel/types/-/types-7.29.0.tgz 0ms (cache hit)
725 http cache @babel/parser@https://registry.npmjs.org/@babel/parser/-/parser-7.29.2.tgz 0ms (cache hit)
726 http cache gensync@https://registry.npmjs.org/gensync/-/gensync-1.0.0-beta.2.tgz 0ms (cache hit)
727 http cache @babel/helper-module-transforms@https://registry.npmjs.org/@babel/helper-module-transforms/-/helper-module-transforms-7.28.6.tgz 0ms (cache hit)
728 http cache @babel/template@https://registry.npmjs.org/@babel/template/-/template-7.28.6.tgz 0ms (cache hit)
729 http cache @babel/helper-compilation-targets@https://registry.npmjs.org/@babel/helper-compilation-targets/-/helper-compilation-targets-7.28.6.tgz 0ms (cache hit)
730 http cache @babel/helpers@https://registry.npmjs.org/@babel/helpers/-/helpers-7.29.2.tgz 0ms (cache hit)
731 http cache @types/babel__core@https://registry.npmjs.org/@types/babel__core/-/babel__core-7.20.5.tgz 0ms (cache hit)
732 http cache react-refresh@https://registry.npmjs.org/react-refresh/-/react-refresh-0.17.0.tgz 0ms (cache hit)
733 http cache @jridgewell/gen-mapping@https://registry.npmjs.org/@jridgewell/gen-mapping/-/gen-mapping-0.3.13.tgz 0ms (cache hit)
734 http cache @babel/generator@https://registry.npmjs.org/@babel/generator/-/generator-7.29.1.tgz 0ms (cache hit)
735 http cache @babel/code-frame@https://registry.npmjs.org/@babel/code-frame/-/code-frame-7.29.0.tgz 0ms (cache hit)
736 http cache csstype@https://registry.npmjs.org/csstype/-/csstype-3.2.3.tgz 0ms (cache hit)
737 http cache @rolldown/pluginutils@https://registry.npmjs.org/@rolldown/pluginutils/-/pluginutils-1.0.0-beta.27.tgz 0ms (cache hit)
738 http cache @babel/plugin-transform-react-jsx-self@https://registry.npmjs.org/@babel/plugin-transform-react-jsx-self/-/plugin-transform-react-jsx-self-7.27.1.tgz 0ms (cache hit)
739 http cache @babel/plugin-transform-react-jsx-source@https://registry.npmjs.org/@babel/plugin-transform-react-jsx-source/-/plugin-transform-react-jsx-source-7.27.1.tgz 0ms (cache hit)
740 http cache react-dom@https://registry.npmjs.org/react-dom/-/react-dom-19.2.5.tgz 0ms (cache hit)
741 http cache @babel/core@https://registry.npmjs.org/@babel/core/-/core-7.29.0.tgz 0ms (cache hit)
742 http cache @babel/traverse@https://registry.npmjs.org/@babel/traverse/-/traverse-7.29.0.tgz 0ms (cache hit)
743 http cache @types/react@https://registry.npmjs.org/@types/react/-/react-19.2.14.tgz 0ms (cache hit)
744 http cache react@https://registry.npmjs.org/react/-/react-19.2.5.tgz 0ms (cache hit)
745 http cache @vitejs/plugin-react@https://registry.npmjs.org/@vitejs/plugin-react/-/plugin-react-4.7.0.tgz 0ms (cache hit)
746 http cache debug@https://registry.npmjs.org/debug/-/debug-4.4.3.tgz 0ms (cache hit)
747 http cache ms@https://registry.npmjs.org/ms/-/ms-2.1.3.tgz 0ms (cache hit)
748 http cache @types/react-dom@https://registry.npmjs.org/@types/react-dom/-/react-dom-19.2.3.tgz 0ms (cache hit)
749 http cache fsevents@https://registry.npmjs.org/fsevents/-/fsevents-2.3.3.tgz 0ms (cache hit)
750 http cache ms@https://registry.npmjs.org/ms/-/ms-2.1.3.tgz 0ms (cache hit)
751 http cache esbuild@https://registry.npmjs.org/esbuild/-/esbuild-0.25.12.tgz 0ms (cache hit)
752 http cache @esbuild/darwin-arm64@https://registry.npmjs.org/@esbuild/darwin-arm64/-/darwin-arm64-0.25.12.tgz 0ms (cache hit)
753 http cache vite@https://registry.npmjs.org/vite/-/vite-6.4.2.tgz 0ms (cache hit)
754 http cache debug@https://registry.npmjs.org/debug/-/debug-4.4.3.tgz 0ms (cache hit)
755 silly tarball no local data for @types/estree@https://registry.npmjs.org/@types/estree/-/estree-1.0.8.tgz. Extracting by manifest.
756 silly tarball no local data for nanoid@https://registry.npmjs.org/nanoid/-/nanoid-3.3.11.tgz. Extracting by manifest.
757 silly tarball no local data for source-map-js@https://registry.npmjs.org/source-map-js/-/source-map-js-1.2.1.tgz. Extracting by manifest.
758 silly tarball no local data for @rollup/rollup-darwin-arm64@https://registry.npmjs.org/@rollup/rollup-darwin-arm64/-/rollup-darwin-arm64-4.60.2.tgz. Extracting by manifest.
759 silly tarball no local data for rollup@https://registry.npmjs.org/rollup/-/rollup-4.60.2.tgz. Extracting by manifest.
760 silly tarball no local data for postcss@https://registry.npmjs.org/postcss/-/postcss-8.5.10.tgz. Extracting by manifest.
761 silly tarball no local data for yallist@https://registry.npmjs.org/yallist/-/yallist-3.1.1.tgz. Extracting by manifest.
762 silly tarball no local data for scheduler@https://registry.npmjs.org/scheduler/-/scheduler-0.27.0.tgz. Extracting by manifest.
763 silly tarball no local data for tinyglobby@https://registry.npmjs.org/tinyglobby/-/tinyglobby-0.2.16.tgz. Extracting by manifest.
764 silly tarball no local data for node-releases@https://registry.npmjs.org/node-releases/-/node-releases-2.0.37.tgz. Extracting by manifest.
765 silly tarball no local data for picomatch@https://registry.npmjs.org/picomatch/-/picomatch-4.0.4.tgz. Extracting by manifest.
766 silly tarball no local data for fdir@https://registry.npmjs.org/fdir/-/fdir-6.5.0.tgz. Extracting by manifest.
767 silly tarball no local data for update-browserslist-db@https://registry.npmjs.org/update-browserslist-db/-/update-browserslist-db-1.2.3.tgz. Extracting by manifest.
768 silly tarball no local data for baseline-browser-mapping@https://registry.npmjs.org/baseline-browser-mapping/-/baseline-browser-mapping-2.10.20.tgz. Extracting by manifest.
769 silly tarball no local data for electron-to-chromium@https://registry.npmjs.org/electron-to-chromium/-/electron-to-chromium-1.5.340.tgz. Extracting by manifest.
770 silly tarball no local data for @types/babel__generator@https://registry.npmjs.org/@types/babel__generator/-/babel__generator-7.27.0.tgz. Extracting by manifest.
771 silly tarball no local data for @types/babel__template@https://registry.npmjs.org/@types/babel__template/-/babel__template-7.4.4.tgz. Extracting by manifest.
772 silly tarball no local data for caniuse-lite@https://registry.npmjs.org/caniuse-lite/-/caniuse-lite-1.0.30001788.tgz. Extracting by manifest.
773 silly tarball no local data for @jridgewell/sourcemap-codec@https://registry.npmjs.org/@jridgewell/sourcemap-codec/-/sourcemap-codec-1.5.5.tgz. Extracting by manifest.
774 silly tarball no local data for @babel/helper-plugin-utils@https://registry.npmjs.org/@babel/helper-plugin-utils/-/helper-plugin-utils-7.28.6.tgz. Extracting by manifest.
775 silly tarball no local data for @babel/helper-string-parser@https://registry.npmjs.org/@babel/helper-string-parser/-/helper-string-parser-7.27.1.tgz. Extracting by manifest.
776 silly tarball no local data for @babel/helper-globals@https://registry.npmjs.org/@babel/helper-globals/-/helper-globals-7.28.0.tgz. Extracting by manifest.
777 silly tarball no local data for @jridgewell/resolve-uri@https://registry.npmjs.org/@jridgewell/resolve-uri/-/resolve-uri-3.1.2.tgz. Extracting by manifest.
778 silly tarball no local data for @babel/helper-module-imports@https://registry.npmjs.org/@babel/helper-module-imports/-/helper-module-imports-7.28.6.tgz. Extracting by manifest.
779 silly tarball no local data for @types/babel__traverse@https://registry.npmjs.org/@types/babel__traverse/-/babel__traverse-7.28.0.tgz. Extracting by manifest.
780 silly tarball no local data for lru-cache@https://registry.npmjs.org/lru-cache/-/lru-cache-5.1.1.tgz. Extracting by manifest.
781 silly tarball no local data for browserslist@https://registry.npmjs.org/browserslist/-/browserslist-4.28.2.tgz. Extracting by manifest.
782 silly tarball no local data for @jridgewell/trace-mapping@https://registry.npmjs.org/@jridgewell/trace-mapping/-/trace-mapping-0.3.31.tgz. Extracting by manifest.
783 silly tarball no local data for @babel/helper-validator-option@https://registry.npmjs.org/@babel/helper-validator-option/-/helper-validator-option-7.27.1.tgz. Extracting by manifest.
784 silly tarball no local data for jsesc@https://registry.npmjs.org/jsesc/-/jsesc-3.1.0.tgz. Extracting by manifest.
785 silly tarball no local data for @babel/compat-data@https://registry.npmjs.org/@babel/compat-data/-/compat-data-7.29.0.tgz. Extracting by manifest.
786 silly tarball no local data for js-tokens@https://registry.npmjs.org/js-tokens/-/js-tokens-4.0.0.tgz. Extracting by manifest.
787 silly tarball no local data for picocolors@https://registry.npmjs.org/picocolors/-/picocolors-1.1.1.tgz. Extracting by manifest.
788 silly tarball no local data for @babel/helper-validator-identifier@https://registry.npmjs.org/@babel/helper-validator-identifier/-/helper-validator-identifier-7.28.5.tgz. Extracting by manifest.
789 silly tarball no local data for convert-source-map@https://registry.npmjs.org/convert-source-map/-/convert-source-map-2.0.0.tgz. Extracting by manifest.
790 silly tarball no local data for semver@https://registry.npmjs.org/semver/-/semver-6.3.1.tgz. Extracting by manifest.
791 silly tarball no local data for json5@https://registry.npmjs.org/json5/-/json5-2.2.3.tgz. Extracting by manifest.
792 silly tarball no local data for @jridgewell/remapping@https://registry.npmjs.org/@jridgewell/remapping/-/remapping-2.3.5.tgz. Extracting by manifest.
793 silly tarball no local data for @babel/types@https://registry.npmjs.org/@babel/types/-/types-7.29.0.tgz. Extracting by manifest.
794 silly tarball no local data for @babel/parser@https://registry.npmjs.org/@babel/parser/-/parser-7.29.2.tgz. Extracting by manifest.
795 silly tarball no local data for gensync@https://registry.npmjs.org/gensync/-/gensync-1.0.0-beta.2.tgz. Extracting by manifest.
796 silly tarball no local data for @babel/helper-module-transforms@https://registry.npmjs.org/@babel/helper-module-transforms/-/helper-module-transforms-7.28.6.tgz. Extracting by manifest.
797 silly tarball no local data for @babel/template@https://registry.npmjs.org/@babel/template/-/template-7.28.6.tgz. Extracting by manifest.
798 silly tarball no local data for @babel/helper-compilation-targets@https://registry.npmjs.org/@babel/helper-compilation-targets/-/helper-compilation-targets-7.28.6.tgz. Extracting by manifest.
799 silly tarball no local data for @babel/helpers@https://registry.npmjs.org/@babel/helpers/-/helpers-7.29.2.tgz. Extracting by manifest.
800 silly tarball no local data for @types/babel__core@https://registry.npmjs.org/@types/babel__core/-/babel__core-7.20.5.tgz. Extracting by manifest.
801 silly tarball no local data for react-refresh@https://registry.npmjs.org/react-refresh/-/react-refresh-0.17.0.tgz. Extracting by manifest.
802 silly tarball no local data for @jridgewell/gen-mapping@https://registry.npmjs.org/@jridgewell/gen-mapping/-/gen-mapping-0.3.13.tgz. Extracting by manifest.
803 silly tarball no local data for @babel/generator@https://registry.npmjs.org/@babel/generator/-/generator-7.29.1.tgz. Extracting by manifest.
804 silly tarball no local data for @babel/code-frame@https://registry.npmjs.org/@babel/code-frame/-/code-frame-7.29.0.tgz. Extracting by manifest.
805 silly tarball no local data for csstype@https://registry.npmjs.org/csstype/-/csstype-3.2.3.tgz. Extracting by manifest.
806 silly tarball no local data for @rolldown/pluginutils@https://registry.npmjs.org/@rolldown/pluginutils/-/pluginutils-1.0.0-beta.27.tgz. Extracting by manifest.
807 silly tarball no local data for @babel/plugin-transform-react-jsx-self@https://registry.npmjs.org/@babel/plugin-transform-react-jsx-self/-/plugin-transform-react-jsx-self-7.27.1.tgz. Extracting by manifest.
808 silly tarball no local data for @babel/plugin-transform-react-jsx-source@https://registry.npmjs.org/@babel/plugin-transform-react-jsx-source/-/plugin-transform-react-jsx-source-7.27.1.tgz. Extracting by manifest.
809 silly tarball no local data for react-dom@https://registry.npmjs.org/react-dom/-/react-dom-19.2.5.tgz. Extracting by manifest.
810 silly tarball no local data for @babel/core@https://registry.npmjs.org/@babel/core/-/core-7.29.0.tgz. Extracting by manifest.
811 silly tarball no local data for @babel/traverse@https://registry.npmjs.org/@babel/traverse/-/traverse-7.29.0.tgz. Extracting by manifest.
812 silly tarball no local data for @types/react@https://registry.npmjs.org/@types/react/-/react-19.2.14.tgz. Extracting by manifest.
813 silly tarball no local data for react@https://registry.npmjs.org/react/-/react-19.2.5.tgz. Extracting by manifest.
814 silly tarball no local data for @vitejs/plugin-react@https://registry.npmjs.org/@vitejs/plugin-react/-/plugin-react-4.7.0.tgz. Extracting by manifest.
815 silly tarball no local data for debug@https://registry.npmjs.org/debug/-/debug-4.4.3.tgz. Extracting by manifest.
816 silly tarball no local data for @types/react-dom@https://registry.npmjs.org/@types/react-dom/-/react-dom-19.2.3.tgz. Extracting by manifest.
817 silly tarball no local data for esbuild@https://registry.npmjs.org/esbuild/-/esbuild-0.25.12.tgz. Extracting by manifest.
818 silly tarball no local data for @esbuild/darwin-arm64@https://registry.npmjs.org/@esbuild/darwin-arm64/-/darwin-arm64-0.25.12.tgz. Extracting by manifest.
819 silly tarball no local data for vite@https://registry.npmjs.org/vite/-/vite-6.4.2.tgz. Extracting by manifest.
820 silly tarball no local data for debug@https://registry.npmjs.org/debug/-/debug-4.4.3.tgz. Extracting by manifest.
821 http fetch GET 200 https://registry.npmjs.org/nanoid/-/nanoid-3.3.11.tgz 122ms (cache miss)
822 http fetch GET 200 https://registry.npmjs.org/@types/estree/-/estree-1.0.8.tgz 125ms (cache miss)
823 http fetch GET 200 https://registry.npmjs.org/source-map-js/-/source-map-js-1.2.1.tgz 147ms (cache miss)
824 http fetch GET 200 https://registry.npmjs.org/@rollup/rollup-darwin-arm64/-/rollup-darwin-arm64-4.60.2.tgz 166ms (cache miss)
825 http fetch GET 200 https://registry.npmjs.org/electron-to-chromium/-/electron-to-chromium-1.5.340.tgz 165ms (cache miss)
826 http fetch GET 200 https://registry.npmjs.org/postcss/-/postcss-8.5.10.tgz 175ms (cache miss)
827 http fetch GET 200 https://registry.npmjs.org/@types/babel__generator/-/babel__generator-7.27.0.tgz 177ms (cache miss)
828 http fetch GET 200 https://registry.npmjs.org/@types/babel__template/-/babel__template-7.4.4.tgz 193ms (cache miss)
829 http fetch GET 200 https://registry.npmjs.org/rollup/-/rollup-4.60.2.tgz 204ms (cache miss)
830 http fetch POST 200 https://registry.npmjs.org/-/npm/v1/security/advisories/bulk 234ms
831 silly audit report {}
832 http fetch GET 200 https://registry.npmjs.org/@jridgewell/sourcemap-codec/-/sourcemap-codec-1.5.5.tgz 225ms (cache miss)
833 http fetch GET 200 https://registry.npmjs.org/@babel/helper-string-parser/-/helper-string-parser-7.27.1.tgz 239ms (cache miss)
834 http fetch GET 200 https://registry.npmjs.org/update-browserslist-db/-/update-browserslist-db-1.2.3.tgz 242ms (cache miss)
835 http fetch GET 200 https://registry.npmjs.org/fdir/-/fdir-6.5.0.tgz 245ms (cache miss)
836 http fetch GET 200 https://registry.npmjs.org/@babel/helper-plugin-utils/-/helper-plugin-utils-7.28.6.tgz 244ms (cache miss)
837 http fetch GET 200 https://registry.npmjs.org/picomatch/-/picomatch-4.0.4.tgz 251ms (cache miss)
838 http fetch GET 200 https://registry.npmjs.org/node-releases/-/node-releases-2.0.37.tgz 255ms (cache miss)
839 http fetch GET 200 https://registry.npmjs.org/tinyglobby/-/tinyglobby-0.2.16.tgz 255ms (cache miss)
840 http fetch GET 200 https://registry.npmjs.org/@babel/helper-globals/-/helper-globals-7.28.0.tgz 273ms (cache miss)
841 http fetch GET 200 https://registry.npmjs.org/yallist/-/yallist-3.1.1.tgz 279ms (cache miss)
842 http fetch GET 200 https://registry.npmjs.org/@jridgewell/resolve-uri/-/resolve-uri-3.1.2.tgz 272ms (cache miss)
843 http fetch GET 200 https://registry.npmjs.org/scheduler/-/scheduler-0.27.0.tgz 281ms (cache miss)
844 http fetch GET 200 https://registry.npmjs.org/lru-cache/-/lru-cache-5.1.1.tgz 288ms (cache miss)
845 http fetch GET 200 https://registry.npmjs.org/@babel/helper-module-imports/-/helper-module-imports-7.28.6.tgz 288ms (cache miss)
846 http fetch GET 200 https://registry.npmjs.org/@types/babel__traverse/-/babel__traverse-7.28.0.tgz 288ms (cache miss)
847 http fetch GET 200 https://registry.npmjs.org/baseline-browser-mapping/-/baseline-browser-mapping-2.10.20.tgz 297ms (cache miss)
848 http fetch GET 200 https://registry.npmjs.org/browserslist/-/browserslist-4.28.2.tgz 308ms (cache miss)
849 http fetch GET 200 https://registry.npmjs.org/jsesc/-/jsesc-3.1.0.tgz 309ms (cache miss)
850 http fetch GET 200 https://registry.npmjs.org/picocolors/-/picocolors-1.1.1.tgz 319ms (cache miss)
851 http fetch GET 200 https://registry.npmjs.org/@babel/compat-data/-/compat-data-7.29.0.tgz 322ms (cache miss)
852 http fetch GET 200 https://registry.npmjs.org/js-tokens/-/js-tokens-4.0.0.tgz 324ms (cache miss)
853 http fetch GET 200 https://registry.npmjs.org/@babel/helper-validator-option/-/helper-validator-option-7.27.1.tgz 324ms (cache miss)
854 http fetch GET 200 https://registry.npmjs.org/convert-source-map/-/convert-source-map-2.0.0.tgz 325ms (cache miss)
855 http fetch GET 200 https://registry.npmjs.org/@jridgewell/trace-mapping/-/trace-mapping-0.3.31.tgz 341ms (cache miss)
856 http fetch GET 200 https://registry.npmjs.org/semver/-/semver-6.3.1.tgz 635ms (cache miss)
857 http fetch GET 200 https://registry.npmjs.org/@rolldown/pluginutils/-/pluginutils-1.0.0-beta.27.tgz 651ms (cache miss)
858 http fetch GET 200 https://registry.npmjs.org/gensync/-/gensync-1.0.0-beta.2.tgz 654ms (cache miss)
859 http fetch GET 200 https://registry.npmjs.org/@babel/code-frame/-/code-frame-7.29.0.tgz 653ms (cache miss)
860 http fetch GET 200 https://registry.npmjs.org/@babel/plugin-transform-react-jsx-source/-/plugin-transform-react-jsx-source-7.27.1.tgz 653ms (cache miss)
861 http fetch GET 200 https://registry.npmjs.org/@babel/plugin-transform-react-jsx-self/-/plugin-transform-react-jsx-self-7.27.1.tgz 654ms (cache miss)
862 http fetch GET 200 https://registry.npmjs.org/@types/react-dom/-/react-dom-19.2.3.tgz 655ms (cache miss)
863 http fetch GET 200 https://registry.npmjs.org/debug/-/debug-4.4.3.tgz 658ms (cache miss)
864 http fetch GET 200 https://registry.npmjs.org/@types/babel__core/-/babel__core-7.20.5.tgz 662ms (cache miss)
865 http fetch GET 200 https://registry.npmjs.org/debug/-/debug-4.4.3.tgz 658ms (cache miss)
866 http fetch GET 200 https://registry.npmjs.org/react-refresh/-/react-refresh-0.17.0.tgz 665ms (cache miss)
867 http fetch GET 200 https://registry.npmjs.org/@babel/helper-validator-identifier/-/helper-validator-identifier-7.28.5.tgz 674ms (cache miss)
868 http fetch GET 200 https://registry.npmjs.org/esbuild/-/esbuild-0.25.12.tgz 671ms (cache miss)
869 http fetch GET 200 https://registry.npmjs.org/@vitejs/plugin-react/-/plugin-react-4.7.0.tgz 678ms (cache miss)
870 http fetch GET 200 https://registry.npmjs.org/@babel/helper-compilation-targets/-/helper-compilation-targets-7.28.6.tgz 683ms (cache miss)
871 http fetch GET 200 https://registry.npmjs.org/@babel/template/-/template-7.28.6.tgz 686ms (cache miss)
872 http fetch GET 200 https://registry.npmjs.org/@types/react/-/react-19.2.14.tgz 690ms (cache miss)
873 http fetch GET 200 https://registry.npmjs.org/json5/-/json5-2.2.3.tgz 695ms (cache miss)
874 http fetch GET 200 https://registry.npmjs.org/@babel/helper-module-transforms/-/helper-module-transforms-7.28.6.tgz 699ms (cache miss)
875 http fetch GET 200 https://registry.npmjs.org/@jridgewell/remapping/-/remapping-2.3.5.tgz 705ms (cache miss)
876 http fetch GET 200 https://registry.npmjs.org/react/-/react-19.2.5.tgz 702ms (cache miss)
877 http fetch GET 200 https://registry.npmjs.org/@jridgewell/gen-mapping/-/gen-mapping-0.3.13.tgz 705ms (cache miss)
878 http fetch GET 200 https://registry.npmjs.org/csstype/-/csstype-3.2.3.tgz 709ms (cache miss)
879 http fetch GET 200 https://registry.npmjs.org/@babel/parser/-/parser-7.29.2.tgz 726ms (cache miss)
880 http fetch GET 200 https://registry.npmjs.org/@babel/generator/-/generator-7.29.1.tgz 773ms (cache miss)
881 http fetch GET 200 https://registry.npmjs.org/vite/-/vite-6.4.2.tgz 792ms (cache miss)
882 http fetch GET 200 https://registry.npmjs.org/@babel/traverse/-/traverse-7.29.0.tgz 814ms (cache miss)
883 http fetch GET 200 https://registry.npmjs.org/react-dom/-/react-dom-19.2.5.tgz 884ms (cache miss)
884 http fetch GET 200 https://registry.npmjs.org/@babel/core/-/core-7.29.0.tgz 908ms (cache miss)
885 http fetch GET 200 https://registry.npmjs.org/@esbuild/darwin-arm64/-/darwin-arm64-0.25.12.tgz 921ms (cache miss)
886 http fetch GET 200 https://registry.npmjs.org/@babel/types/-/types-7.29.0.tgz 948ms (cache miss)
887 http fetch GET 200 https://registry.npmjs.org/@babel/helpers/-/helpers-7.29.2.tgz 958ms (cache miss)
888 http fetch GET 200 https://registry.npmjs.org/caniuse-lite/-/caniuse-lite-1.0.30001788.tgz 1046ms (cache miss)
889 info run esbuild@0.25.12 postinstall node_modules/vite/node_modules/esbuild node install.js
890 info run esbuild@0.25.12 postinstall { code: 0, signal: null }
891 silly ADD node_modules/@types/estree
892 silly ADD node_modules/@rollup/rollup-darwin-arm64
893 silly ADD node_modules/source-map-js
894 silly ADD node_modules/nanoid
895 silly ADD node_modules/tinyglobby
896 silly ADD node_modules/rollup
897 silly ADD node_modules/postcss
898 silly ADD node_modules/picomatch
899 silly ADD node_modules/fdir
900 silly ADD node_modules/scheduler
901 silly ADD node_modules/yallist
902 silly ADD node_modules/update-browserslist-db
903 silly ADD node_modules/node-releases
904 silly ADD node_modules/electron-to-chromium
905 silly ADD node_modules/caniuse-lite
906 silly ADD node_modules/baseline-browser-mapping
907 silly ADD node_modules/@types/babel__traverse
908 silly ADD node_modules/@types/babel__template
909 silly ADD node_modules/@types/babel__generator
910 silly ADD node_modules/@jridgewell/resolve-uri
911 silly ADD node_modules/@jridgewell/sourcemap-codec
912 silly ADD node_modules/@babel/helper-string-parser
913 silly ADD node_modules/@babel/helper-globals
914 silly ADD node_modules/@babel/helper-plugin-utils
915 silly ADD node_modules/@babel/helper-module-imports
916 silly ADD node_modules/lru-cache
917 silly ADD node_modules/browserslist
918 silly ADD node_modules/@babel/helper-validator-option
919 silly ADD node_modules/@babel/compat-data
920 silly ADD node_modules/jsesc
921 silly ADD node_modules/@jridgewell/trace-mapping
922 silly ADD node_modules/@jridgewell/gen-mapping
923 silly ADD node_modules/picocolors
924 silly ADD node_modules/js-tokens
925 silly ADD node_modules/@babel/helper-validator-identifier
926 silly ADD node_modules/semver
927 silly ADD node_modules/json5
928 silly ADD node_modules/gensync
929 silly ADD node_modules/convert-source-map
930 silly ADD node_modules/@jridgewell/remapping
931 silly ADD node_modules/@babel/types
932 silly ADD node_modules/@babel/traverse
933 silly ADD node_modules/@babel/traverse/node_modules/ms
934 silly ADD node_modules/@babel/traverse/node_modules/debug
935 silly ADD node_modules/@babel/template
936 silly ADD node_modules/@babel/parser
937 silly ADD node_modules/@babel/helpers
938 silly ADD node_modules/@babel/helper-module-transforms
939 silly ADD node_modules/@babel/helper-compilation-targets
940 silly ADD node_modules/@babel/generator
941 silly ADD node_modules/@babel/code-frame
942 silly ADD node_modules/react-refresh
943 silly ADD node_modules/@types/babel__core
944 silly ADD node_modules/@rolldown/pluginutils
945 silly ADD node_modules/@babel/plugin-transform-react-jsx-source
946 silly ADD node_modules/@babel/plugin-transform-react-jsx-self
947 silly ADD node_modules/@babel/core
948 silly ADD node_modules/@babel/core/node_modules/ms
949 silly ADD node_modules/@babel/core/node_modules/debug
950 silly ADD node_modules/csstype
951 silly ADD node_modules/react-dom
952 silly ADD node_modules/react
953 silly ADD node_modules/vite
954 silly ADD node_modules/vite/node_modules/@esbuild/darwin-arm64
955 silly ADD node_modules/vite/node_modules/esbuild
956 silly ADD node_modules/@vitejs/plugin-react
957 silly ADD node_modules/@types/react-dom
958 silly ADD node_modules/@types/react
959 silly ADD node_modules/@habitat/client
960 silly ADD node_modules/fsevents
961 verbose cwd /Users/marcotiongson/Documents/openclaw-habitat/openclaw-habitat
962 verbose os Darwin 25.4.0
963 verbose node v25.9.0
964 verbose npm  v11.12.1
965 verbose exit 0
966 info ok
